Workbook

Sheet Mucambo
A1: Relatório BackOffice - Central > Movimentação > Transferências > Transferências externas por loja Selecionar a loja e exportar como Xlsx Dados Arquivo | I1: Transferências - Mucambo (Maio/2026) | M1: Total
M3: =SUM(N6:N1048576) -> 46226.957 | P3: 41516.245
A5: Código+Produto | B5: UN | C5: Qtde | D5: Vl. Unitário | E5: Vl. Total | F5: Produto | G5: Grupo | I5: Grupo | J5: Produto | K5: UN | L5: Quantidade | M5: Valor Unitário | N5: Valor Total
A6: 21-CAJUINA SAO GERALDO 1L | B6: UN | C6: 12 | D6: 6.6667 | E6: =TabelaMucambo[[#This Row],[Qtde]]*TabelaMucambo[[#This Row],[Vl. Unitário]] -> 80.0004 | F6: =VLOOKUP(TabelaMucambo[[#This Row],[Código+Produto]],Base!A:C,3,0) -> CAJUINA SAO GERALDO 1L | G6: =VLOOKUP(A6,Base!A:D,4,0) -> REFRIGERANTES | I6: CARNES BOVINAS | J6: contra file mp | K6: KG | L6: 293.396 | M6: 41.77 | N6: 12244.514
A7: 28-COCA-COLA KS 290ML | B7: UN | C7: 24 | D7: 2.6442 | E7: =TabelaMucambo[[#This Row],[Qtde]]*TabelaMucambo[[#This Row],[Vl. Unitário]] -> 63.4608 | F7: =VLOOKUP(TabelaMucambo[[#This Row],[Código+Produto]],Base!A:C,3,0) -> COCA-COLA KS 290ML | G7: =VLOOKUP(A7,Base!A:D,4,0) -> REFRIGERANTES | I7: CARNES BOVINAS | J7: picanha importada mp | K7: KG | L7: 36.82 | M7: 92.886218 | N7: 3417.1316
A8: 293-MOUSSE DE MARACUJA | B8: UN | C8: 10 | D8: 6 | E8: =TabelaMucambo[[#This Row],[Qtde]]*TabelaMucambo[[#This Row],[Vl. Unitário]] -> 60 | F8: =VLOOKUP(TabelaMucambo[[#This Row],[Código+Produto]],Base!A:C,3,0) -> MOUSSE DE MARACUJA | G8: =VLOOKUP(A8,Base!A:D,4,0) -> MOUSSES | I8: CARNES BOVINAS | J8: file mignon mp | K8: KG | L8: 7.9 | M8: 64.9951 | N8: 513.45786
A9: 296-PUDIM DE LEITE CONDENSADO | B9: UN | C9: 6 | D9: 9 | E9: =TabelaMucambo[[#This Row],[Qtde]]*TabelaMucambo[[#This Row],[Vl. Unitário]] -> 54 | F9: =VLOOKUP(TabelaMucambo[[#This Row],[Código+Produto]],Base!A:C,3,0) -> PUDIM DE LEITE CONDENSADO | G9: =VLOOKUP(A9,Base!A:D,4,0) -> PUDINS | I9: CARNES BOVINAS | J9: carne de sol mp | K9: KG | L9: 2 | M9: 46.9067 | N9: 93.8134
A10: 318-QUENTINHA DE ISOPOR | B10: SC100 | C10: 1 | D10: 0.32 | E10: =TabelaMucambo[[#This Row],[Qtde]]*TabelaMucambo[[#This Row],[Vl. Unitário]] -> 0.32 | F10: =VLOOKUP(TabelaMucambo[[#This Row],[Código+Produto]],Base!A:C,3,0) -> QUENTINHA DE ISOPOR | G10: =VLOOKUP(A10,Base!A:D,4,0) -> EMBALAGENS
A11: 318-QUENTINHA DE ISOPOR | B11: SC100 | C11: 2 | D11: 0.32 | E11: =TabelaMucambo[[#This Row],[Qtde]]*TabelaMucambo[[#This Row],[Vl. Unitário]] -> 0.64 | F11: =VLOOKUP(TabelaMucambo[[#This Row],[Código+Produto]],Base!A:C,3,0) -> QUENTINHA DE ISOPOR | G11: =VLOOKUP(A11,Base!A:D,4,0) -> EMBALAGENS | I11: FRANGOS E DERIVADOS | J11: file de peito de frango mp | K11: KG | L11: 259.626 | M11: 16.674429 | N11: 4344.3195
A12: 429-carne de sol mp | B12: KG | C12: 2 | D12: 46.9067 | E12: =TabelaMucambo[[#This Row],[Qtde]]*TabelaMucambo[[#This Row],[Vl. Unitário]] -> 93.8134 | F12: =VLOOKUP(TabelaMucambo[[#This Row],[Código+Produto]],Base!A:C,3,0) -> carne de sol mp | G12: =VLOOKUP(A12,Base!A:D,4,0) -> CARNES BOVINAS | I12: FRANGOS E DERIVADOS | J12: ovo mp | K12: UN | L12: 690 | M12: 0.5667 | N12: 391.023
A13: 430-contra file mp | B13: KG | C13: 14.4 | D13: 42.89 | E13: =TabelaMucambo[[#This Row],[Qtde]]*TabelaMucambo[[#This Row],[Vl. Unitário]] -> 617.616 | F13: =VLOOKUP(TabelaMucambo[[#This Row],[Código+Produto]],Base!A:C,3,0) -> contra file mp | G13: =VLOOKUP(A13,Base!A:D,4,0) -> CARNES BOVINAS | I13: FRANGOS E DERIVADOS | J13: ovo mp | K13: BJ30 | L13: 10 | M13: 17.001 | N13: 170.01
A14: 430-contra file mp | B14: KG | C14: 19.6 | D14: 42.89 | E14: =TabelaMucambo[[#This Row],[Qtde]]*TabelaMucambo[[#This Row],[Vl. Unitário]] -> 840.644 | F14: =VLOOKUP(TabelaMucambo[[#This Row],[Código+Produto]],Base!A:C,3,0) -> contra file mp | G14: =VLOOKUP(A14,Base!A:D,4,0) -> CARNES BOVINAS | I14: FRANGOS E DERIVADOS | J14: frango inteiro mp | K14: KG | L14: 10.6 | M14: 9.9708 | N14: 105.69048
A15: 430-contra file mp | B15: KG | C15: 10.25 | D15: 42.89 | E15: =TabelaMucambo[[#This Row],[Qtde]]*TabelaMucambo[[#This Row],[Vl. Unitário]] -> 439.6225 | F15: =VLOOKUP(TabelaMucambo[[#This Row],[Código+Produto]],Base!A:C,3,0) -> contra file mp | G15: =VLOOKUP(A15,Base!A:D,4,0) -> CARNES BOVINAS
A16: 430-contra file mp | B16: KG | C16: 43 | D16: 42.89 | E16: =TabelaMucambo[[#This Row],[Qtde]]*TabelaMucambo[[#This Row],[Vl. Unitário]] -> 1844.27 | F16: =VLOOKUP(TabelaMucambo[[#This Row],[Código+Produto]],Base!A:C,3,0) -> contra file mp | G16: =VLOOKUP(A16,Base!A:D,4,0) -> CARNES BOVINAS | I16: SUINOS E DERIVADOS | J16: carne suina mp | K16: KG | L16: 189.6 | M16: 16.5701 | N16: 3141.691
A17: 430-contra file mp | B17: KG | C17: 21.25 | D17: 42.89 | E17: =TabelaMucambo[[#This Row],[Qtde]]*TabelaMucambo[[#This Row],[Vl. Unitário]] -> 911.4125 | F17: =VLOOKUP(TabelaMucambo[[#This Row],[Código+Produto]],Base!A:C,3,0) -> contra file mp | G17: =VLOOKUP(A17,Base!A:D,4,0) -> CARNES BOVINAS | I17: SUINOS E DERIVADOS | J17: bacon mp | K17: KG | L17: 32.718 | M17: 23.668643 | N17: 772.08503
A18: 430-contra file mp | B18: KG | C18: 22.886 | D18: 42.89 | E18: =TabelaMucambo[[#This Row],[Qtde]]*TabelaMucambo[[#This Row],[Vl. Unitário]] -> 981.58054 | F18: =VLOOKUP(TabelaMucambo[[#This Row],[Código+Produto]],Base!A:C,3,0) -> contra file mp | G18: =VLOOKUP(A18,Base!A:D,4,0) -> CARNES BOVINAS | I18: SUINOS E DERIVADOS | J18: costela suina mp | K18: KG | L18: 8.25 | M18: 19.68485 | N18: 162.21642
A19: 430-contra file mp | B19: KG | C19: 22.46 | D19: 41.89 | E19: =TabelaMucambo[[#This Row],[Qtde]]*TabelaMucambo[[#This Row],[Vl. Unitário]] -> 940.8494 | F19: =VLOOKUP(TabelaMucambo[[#This Row],[Código+Produto]],Base!A:C,3,0) -> contra file mp | G19: =VLOOKUP(A19,Base!A:D,4,0) -> CARNES BOVINAS
A20: 430-contra file mp | B20: KG | C20: 24.34 | D20: 41.89 | E20: =TabelaMucambo[[#This Row],[Qtde]]*TabelaMucambo[[#This Row],[Vl. Unitário]] -> 1019.6026 | F20: =VLOOKUP(TabelaMucambo[[#This Row],[Código+Produto]],Base!A:C,3,0) -> contra file mp | G20: =VLOOKUP(A20,Base!A:D,4,0) -> CARNES BOVINAS | I20: HORTIFRUTI | J20: tomate mp | K20: KG | L20: 175.9 | M20: 7 | N20: 1231.3
A21: 430-contra file mp | B21: KG | C21: 19.774 | D21: 41 | E21: =TabelaMucambo[[#This Row],[Qtde]]*TabelaMucambo[[#This Row],[Vl. Unitário]] -> 810.734 | F21: =VLOOKUP(TabelaMucambo[[#This Row],[Código+Produto]],Base!A:C,3,0) -> contra file mp | G21: =VLOOKUP(A21,Base!A:D,4,0) -> CARNES BOVINAS | I21: HORTIFRUTI | J21: laranja mp | K21: KG | L21: 280.05 | M21: 2.1053 | N21: 589.58927
A22: 430-contra file mp | B22: KG | C22: 24.926 | D22: 41 | E22: =TabelaMucambo[[#This Row],[Qtde]]*TabelaMucambo[[#This Row],[Vl. Unitário]] -> 1021.966 | F22: =VLOOKUP(TabelaMucambo[[#This Row],[Código+Produto]],Base!A:C,3,0) -> contra file mp | G22: =VLOOKUP(A22,Base!A:D,4,0) -> CARNES BOVINAS | I22: HORTIFRUTI | J22: batata inglesa mp | K22: KG | L22: 188.2 | M22: 2.7083 | N22: 509.70206
A23: 430-contra file mp | B23: KG | C23: 23.64 | D23: 41 | E23: =TabelaMucambo[[#This Row],[Qtde]]*TabelaMucambo[[#This Row],[Vl. Unitário]] -> 969.24 | F23: =VLOOKUP(TabelaMucambo[[#This Row],[Código+Produto]],Base!A:C,3,0) -> contra file mp | G23: =VLOOKUP(A23,Base!A:D,4,0) -> CARNES BOVINAS | I23: HORTIFRUTI | J23: cenoura mp | K23: KG | L23: 117.89 | M23: 2.75 | N23: 319.8
A24: 430-contra file mp | B24: KG | C24: 21.4 | D24: 39.89 | E24: =TabelaMucambo[[#This Row],[Qtde]]*TabelaMucambo[[#This Row],[Vl. Unitário]] -> 853.646 | F24: =VLOOKUP(TabelaMucambo[[#This Row],[Código+Produto]],Base!A:C,3,0) -> contra file mp | G24: =VLOOKUP(A24,Base!A:D,4,0) -> CARNES BOVINAS | I24: HORTIFRUTI | J24: cebola branca mp | K24: KG | L24: 110.5 | M24: 1.7 | N24: 187.85
A25: 430-contra file mp | B25: KG | C25: 25.47 | D25: 39 | E25: =TabelaMucambo[[#This Row],[Qtde]]*TabelaMucambo[[#This Row],[Vl. Unitário]] -> 993.33 | F25: =VLOOKUP(TabelaMucambo[[#This Row],[Código+Produto]],Base!A:C,3,0) -> contra file mp | G25: =VLOOKUP(A25,Base!A:D,4,0) -> CARNES BOVINAS | I25: HORTIFRUTI | J25: pimentao mp | K25: KG | L25: 42.94 | M25: 2.75 | N25: 120.675
A26: 432-file mignon mp | B26: KG | C26: 3.6 | D26: 65 | E26: =TabelaMucambo[[#This Row],[Qtde]]*TabelaMucambo[[#This Row],[Vl. Unitário]] -> 234 | F26: =VLOOKUP(TabelaMucambo[[#This Row],[Código+Produto]],Base!A:C,3,0) -> file mignon mp | G26: =VLOOKUP(A26,Base!A:D,4,0) -> CARNES BOVINAS | I26: HORTIFRUTI | J26: abacaxi mp | K26: UN | L26: 27 | M26: 3.6111 | N26: 97.4997
A27: 432-file mignon mp | B27: KG | C27: 4.3 | D27: 64.9902 | E27: =TabelaMucambo[[#This Row],[Qtde]]*TabelaMucambo[[#This Row],[Vl. Unitário]] -> 279.45786 | F27: =VLOOKUP(TabelaMucambo[[#This Row],[Código+Produto]],Base!A:C,3,0) -> file mignon mp | G27: =VLOOKUP(A27,Base!A:D,4,0) -> CARNES BOVINAS | I27: HORTIFRUTI | J27: alho mp | K27: KG | L27: 10.6 | M27: 8 | N27: 84.8
A28: 434-picanha importada mp | B28: KG | C28: 8.5 | D28: 92.1704 | E28: =TabelaMucambo[[#This Row],[Qtde]]*TabelaMucambo[[#This Row],[Vl. Unitário]] -> 783.4484 | F28: =VLOOKUP(TabelaMucambo[[#This Row],[Código+Produto]],Base!A:C,3,0) -> picanha importada mp | G28: =VLOOKUP(A28,Base!A:D,4,0) -> CARNES BOVINAS | I28: HORTIFRUTI | J28: brocolis mp | K28: KG | L28: 11.08 | M28: 6.2868 | N28: 69.657744
A29: 434-picanha importada mp | B29: KG | C29: 2.55 | D29: 92.1704 | E29: =TabelaMucambo[[#This Row],[Qtde]]*TabelaMucambo[[#This Row],[Vl. Unitário]] -> 235.03452 | F29: =VLOOKUP(TabelaMucambo[[#This Row],[Código+Produto]],Base!A:C,3,0) -> picanha importada mp | G29: =VLOOKUP(A29,Base!A:D,4,0) -> CARNES BOVINAS | I29: HORTIFRUTI | J29: morango mp | K29: KG | L29: 2.05 | M29: 27.5 | N29: 54.5
A30: 434-picanha importada mp | B30: KG | C30: 3.3 | D30: 92.168 | E30: =TabelaMucambo[[#This Row],[Qtde]]*TabelaMucambo[[#This Row],[Vl. Unitário]] -> 304.1544 | F30: =VLOOKUP(TabelaMucambo[[#This Row],[Código+Produto]],Base!A:C,3,0) -> picanha importada mp | G30: =VLOOKUP(A30,Base!A:D,4,0) -> CARNES BOVINAS | I30: HORTIFRUTI | J30: limao mp | K30: KG | L30: 8.2 | M30: 4 | N30: 32.8
A31: 434-picanha importada mp | B31: KG | C31: 3.25 | D31: 92.168 | E31: =TabelaMucambo[[#This Row],[Qtde]]*TabelaMucambo[[#This Row],[Vl. Unitário]] -> 299.546 | F31: =VLOOKUP(TabelaMucambo[[#This Row],[Código+Produto]],Base!A:C,3,0) -> picanha importada mp | G31: =VLOOKUP(A31,Base!A:D,4,0) -> CARNES BOVINAS | I31: HORTIFRUTI | J31: coentro mp | K31: KG | L31: 14.9 | M31: 1.55 | N31: 23.095
... A34: 434-picanha importada mp | B34: KG | C34: 3.15 | D34: 96.0489 | E34: =TabelaMucambo[[#This Row],[Qtde]]*TabelaMucambo[[#This Row],[Vl. Unitário]] -> 302.55403 | F34: =VLOOKUP(TabelaMucambo[[#This Row],[Código+Produto]],Base!A:C,3,0) -> picanha importada mp | G34: =VLOOKUP(A34,Base!A:D,4,0) -> CARNES BOVINAS | I34: HORTIFRUTI | J34: alface mp | K34: KG | L34: 6.67 | M34: 0.75 | N34: 5.0025
A35: 434-picanha importada mp | B35: KG | C35: 3 | D35: 92.168 | E35: =TabelaMucambo[[#This Row],[Qtde]]*TabelaMucambo[[#This Row],[Vl. Unitário]] -> 276.504 | F35: =VLOOKUP(TabelaMucambo[[#This Row],[Código+Produto]],Base!A:C,3,0) -> picanha importada mp | G35: =VLOOKUP(A35,Base!A:D,4,0) -> CARNES BOVINAS
A36: 434-picanha importada mp | B36: KG | C36: 1.85 | D36: 93.3642 | E36: =TabelaMucambo[[#This Row],[Qtde]]*TabelaMucambo[[#This Row],[Vl. Unitário]] -> 172.72377 | F36: =VLOOKUP(TabelaMucambo[[#This Row],[Código+Produto]],Base!A:C,3,0) -> picanha importada mp | G36: =VLOOKUP(A36,Base!A:D,4,0) -> CARNES BOVINAS | I36: SECOS E MERCEARIA | J36: maionese mp | K36: KG | L36: 104.25 | M36: 10.730283 | N36: 1118.7853
A37: 434-picanha importada mp | B37: KG | C37: 2.7 | D37: 93.0899 | E37: =TabelaMucambo[[#This Row],[Qtde]]*TabelaMucambo[[#This Row],[Vl. Unitário]] -> 251.34273 | F37: =VLOOKUP(TabelaMucambo[[#This Row],[Código+Produto]],Base!A:C,3,0) -> picanha importada mp | G37: =VLOOKUP(A37,Base!A:D,4,0) -> CARNES BOVINAS | I37: SECOS E MERCEARIA | J37: arroz parboilizado mp | K37: KG | L37: 280 | M37: 3.8045455 | N37: 1065
A38: 434-picanha importada mp | B38: KG | C38: 4.57 | D38: 93.0899 | E38: =TabelaMucambo[[#This Row],[Qtde]]*TabelaMucambo[[#This Row],[Vl. Unitário]] -> 425.42084 | F38: =VLOOKUP(TabelaMucambo[[#This Row],[Código+Produto]],Base!A:C,3,0) -> picanha importada mp | G38: =VLOOKUP(A38,Base!A:D,4,0) -> CARNES BOVINAS | I38: SECOS E MERCEARIA | J38: arroz branco mp | K38: KG | L38: 40 | M38: 4.57 | N38: 182.8
A39: 436-batata pre frita mp | B39: KG | C39: 12 | D39: 12.9543 | E39: =TabelaMucambo[[#This Row],[Qtde]]*TabelaMucambo[[#This Row],[Vl. Unitário]] -> 155.4516 | F39: =VLOOKUP(TabelaMucambo[[#This Row],[Código+Produto]],Base!A:C,3,0) -> batata pre frita mp | G39: =VLOOKUP(A39,Base!A:D,4,0) -> CONGELADOS | I39: SECOS E MERCEARIA | J39: creme culinario mp | K39: KG | L39: 13 | M39: 12.634733 | N39: 165.3897
A40: 436-batata pre frita mp | B40: KG | C40: 24 | D40: 12.9543 | E40: =TabelaMucambo[[#This Row],[Qtde]]*TabelaMucambo[[#This Row],[Vl. Unitário]] -> 310.9032 | F40: =VLOOKUP(TabelaMucambo[[#This Row],[Código+Produto]],Base!A:C,3,0) -> batata pre frita mp | G40: =VLOOKUP(A40,Base!A:D,4,0) -> CONGELADOS | I40: SECOS E MERCEARIA | J40: farinha de rosca mp | K40: KG | L40: 22.4 | M40: 7 | N40: 156.8
A41: 436-batata pre frita mp | B41: KG | C41: 12 | D41: 12.9543 | E41: =TabelaMucambo[[#This Row],[Qtde]]*TabelaMucambo[[#This Row],[Vl. Unitário]] -> 155.4516 | F41: =VLOOKUP(TabelaMucambo[[#This Row],[Código+Produto]],Base!A:C,3,0) -> batata pre frita mp | G41: =VLOOKUP(A41,Base!A:D,4,0) -> CONGELADOS | I41: SECOS E MERCEARIA | J41: macarrao espaguete mp | K41: 400G | L41: 28 | M41: 2.99 | N41: 83.72
A42: 436-batata pre frita mp | B42: KG | C42: 12 | D42: 12.9543 | E42: =TabelaMucambo[[#This Row],[Qtde]]*TabelaMucambo[[#This Row],[Vl. Unitário]] -> 155.4516 | F42: =VLOOKUP(TabelaMucambo[[#This Row],[Código+Produto]],Base!A:C,3,0) -> batata pre frita mp | G42: =VLOOKUP(A42,Base!A:D,4,0) -> CONGELADOS | I42: SECOS E MERCEARIA | J42: macarrao espaguete mp | K42: KG | L42: 5.7 | M42: 7.475 | N42: 42.6075
A43: 436-batata pre frita mp | B43: KG | C43: 12 | D43: 12.9543 | E43: =TabelaMucambo[[#This Row],[Qtde]]*TabelaMucambo[[#This Row],[Vl. Unitário]] -> 155.4516 | F43: =VLOOKUP(TabelaMucambo[[#This Row],[Código+Produto]],Base!A:C,3,0) -> batata pre frita mp | G43: =VLOOKUP(A43,Base!A:D,4,0) -> CONGELADOS | I43: SECOS E MERCEARIA | J43: farinha de trigo mp | K43: KG | L43: 30 | M43: 3.94 | N43: 118.2
A44: 436-batata pre frita mp | B44: KG | C44: 24 | D44: 12.9539 | E44: =TabelaMucambo[[#This Row],[Qtde]]*TabelaMucambo[[#This Row],[Vl. Unitário]] -> 310.8936 | F44: =VLOOKUP(TabelaMucambo[[#This Row],[Código+Produto]],Base!A:C,3,0) -> batata pre frita mp | G44: =VLOOKUP(A44,Base!A:D,4,0) -> CONGELADOS | I44: SECOS E MERCEARIA | J44: feijao branco mp | K44: KG | L44: 11.5 | M44: 6.5 | N44: 74.75
A45: 436-batata pre frita mp | B45: KG | C45: 12 | D45: 12.9539 | E45: =TabelaMucambo[[#This Row],[Qtde]]*TabelaMucambo[[#This Row],[Vl. Unitário]] -> 155.4468 | F45: =VLOOKUP(TabelaMucambo[[#This Row],[Código+Produto]],Base!A:C,3,0) -> batata pre frita mp | G45: =VLOOKUP(A45,Base!A:D,4,0) -> CONGELADOS | I45: SECOS E MERCEARIA | J45: ketchup mp | K45: KG | L45: 10.2 | M45: 7.2786333 | N45: 74.24206
A46: 436-batata pre frita mp | B46: KG | C46: 24 | D46: 12.9539 | E46: =TabelaMucambo[[#This Row],[Qtde]]*TabelaMucambo[[#This Row],[Vl. Unitário]] -> 310.8936 | F46: =VLOOKUP(TabelaMucambo[[#This Row],[Código+Produto]],Base!A:C,3,0) -> batata pre frita mp | G46: =VLOOKUP(A46,Base!A:D,4,0) -> CONGELADOS | I46: SECOS E MERCEARIA | J46: acucar mp | K46: KG | L46: 16 | M46: 3 | N46: 48
A47: 436-batata pre frita mp | B47: KG | C47: 12 | D47: 12.9539 | E47: =TabelaMucambo[[#This Row],[Qtde]]*TabelaMucambo[[#This Row],[Vl. Unitário]] -> 155.4468 | F47: =VLOOKUP(TabelaMucambo[[#This Row],[Código+Produto]],Base!A:C,3,0) -> batata pre frita mp | G47: =VLOOKUP(A47,Base!A:D,4,0) -> CONGELADOS | I47: SECOS E MERCEARIA | J47: vinagre mp | K47: 500ML | L47: 27 | M47: 1.46 | N47: 39.42
A48: 436-batata pre frita mp | B48: KG | C48: 14 | D48: 10.5965 | E48: =TabelaMucambo[[#This Row],[Qtde]]*TabelaMucambo[[#This Row],[Vl. Unitário]] -> 148.351 | F48: =VLOOKUP(TabelaMucambo[[#This Row],[Código+Produto]],Base!A:C,3,0) -> batata pre frita mp | G48: =VLOOKUP(A48,Base!A:D,4,0) -> CONGELADOS | I48: SECOS E MERCEARIA | J48: leite de coco mp | K48: 200ML | L48: 10 | M48: 3.58 | N48: 35.8
A49: 436-batata pre frita mp | B49: KG | C49: 12 | D49: 10.5965 | E49: =TabelaMucambo[[#This Row],[Qtde]]*TabelaMucambo[[#This Row],[Vl. Unitário]] -> 127.158 | F49: =VLOOKUP(TabelaMucambo[[#This Row],[Código+Produto]],Base!A:C,3,0) -> batata pre frita mp | G49: =VLOOKUP(A49,Base!A:D,4,0) -> CONGELADOS
A50: 436-batata pre frita mp | B50: KG | C50: 14.7 | D50: 10.2 | E50: =TabelaMucambo[[#This Row],[Qtde]]*TabelaMucambo[[#This Row],[Vl. Unitário]] -> 149.94 | F50: =VLOOKUP(TabelaMucambo[[#This Row],[Código+Produto]],Base!A:C,3,0) -> batata pre frita mp | G50: =VLOOKUP(A50,Base!A:D,4,0) -> CONGELADOS | I50: CONGELADOS | J50: batata pre frita mp | K50: KG | L50: 236.7 | M50: 12.198581 | N50: 2904.403
A51: 436-batata pre frita mp | B51: KG | C51: 12 | D51: 11.7993 | E51: =TabelaMucambo[[#This Row],[Qtde]]*TabelaMucambo[[#This Row],[Vl. Unitário]] -> 141.5916 | F51: =VLOOKUP(TabelaMucambo[[#This Row],[Código+Produto]],Base!A:C,3,0) -> batata pre frita mp | G51: =VLOOKUP(A51,Base!A:D,4,0) -> CONGELADOS
A52: 436-batata pre frita mp | B52: KG | C52: 14 | D52: 11.7993 | E52: =TabelaMucambo[[#This Row],[Qtde]]*TabelaMucambo[[#This Row],[Vl. Unitário]] -> 165.1902 | F52: =VLOOKUP(TabelaMucambo[[#This Row],[Código+Produto]],Base!A:C,3,0) -> batata pre frita mp | G52: =VLOOKUP(A52,Base!A:D,4,0) -> CONGELADOS | I52: PEIXES E FRUTOS DO MAR | J52: tilapia limpa mp | K52: KG | L52: 113.9 | M52: 17 | N52: 1936.3
A53: 436-batata pre frita mp | B53: KG | C53: 12 | D53: 11.7993 | E53: =TabelaMucambo[[#This Row],[Qtde]]*TabelaMucambo[[#This Row],[Vl. Unitário]] -> 141.5916 | F53: =VLOOKUP(TabelaMucambo[[#This Row],[Código+Produto]],Base!A:C,3,0) -> batata pre frita mp | G53: =VLOOKUP(A53,Base!A:D,4,0) -> CONGELADOS | I53: PEIXES E FRUTOS DO MAR | J53: camarao mp | K53: KG | L53: 19 | M53: 33 | N53: 627
A54: 436-batata pre frita mp | B54: KG | C54: 14 | D54: 11.7993 | E54: =TabelaMucambo[[#This Row],[Qtde]]*TabelaMucambo[[#This Row],[Vl. Unitário]] -> 165.1902 | F54: =VLOOKUP(TabelaMucambo[[#This Row],[Código+Produto]],Base!A:C,3,0) -> batata pre frita mp | G54: =VLOOKUP(A54,Base!A:D,4,0) -> CONGELADOS
A55: 440-lanche apresuntado mp | B55: KG | C55: 5 | D55: 6.99 | E55: =TabelaMucambo[[#This Row],[Qtde]]*TabelaMucambo[[#This Row],[Vl. Unitário]] -> 34.95 | F55: =VLOOKUP(TabelaMucambo[[#This Row],[Código+Produto]],Base!A:C,3,0) -> lanche apresuntado mp | G55: =VLOOKUP(A55,Base!A:D,4,0) -> EMBUTIDOS | I55: LATICINIOS | J55: leite mp | K55: LT | L55: 242.5 | M55: 3.5 | N55: 848.75
A56: 440-lanche apresuntado mp | B56: KG | C56: 7.25 | D56: 6.99 | E56: =TabelaMucambo[[#This Row],[Qtde]]*TabelaMucambo[[#This Row],[Vl. Unitário]] -> 50.6775 | F56: =VLOOKUP(TabelaMucambo[[#This Row],[Código+Produto]],Base!A:C,3,0) -> lanche apresuntado mp | G56: =VLOOKUP(A56,Base!A:D,4,0) -> EMBUTIDOS | I56: LATICINIOS | J56: queijo mussarela mp | K56: KG | L56: 26.16 | M56: 31.181313 | N56: 815.72353
A57: 440-lanche apresuntado mp | B57: KG | C57: 5.05 | D57: 7.19 | E57: =TabelaMucambo[[#This Row],[Qtde]]*TabelaMucambo[[#This Row],[Vl. Unitário]] -> 36.3095 | F57: =VLOOKUP(TabelaMucambo[[#This Row],[Código+Produto]],Base!A:C,3,0) -> lanche apresuntado mp | G57: =VLOOKUP(A57,Base!A:D,4,0) -> EMBUTIDOS | I57: LATICINIOS | J57: margarina mp | K57: KG | L57: 42 | M57: 8.33 | N57: 349.86
A58: 440-lanche apresuntado mp | B58: KG | C58: 5 | D58: 7.19 | E58: =TabelaMucambo[[#This Row],[Qtde]]*TabelaMucambo[[#This Row],[Vl. Unitário]] -> 35.95 | F58: =VLOOKUP(TabelaMucambo[[#This Row],[Código+Produto]],Base!A:C,3,0) -> lanche apresuntado mp | G58: =VLOOKUP(A58,Base!A:D,4,0) -> EMBUTIDOS | I58: LATICINIOS | J58: queijo coalho mp | K58: KG | L58: 9.95 | M58: 26.00995 | N58: 247.75834
A59: 440-lanche apresuntado mp | B59: KG | C59: 7.05 | D59: 7.19 | E59: =TabelaMucambo[[#This Row],[Qtde]]*TabelaMucambo[[#This Row],[Vl. Unitário]] -> 50.6895 | F59: =VLOOKUP(TabelaMucambo[[#This Row],[Código+Produto]],Base!A:C,3,0) -> lanche apresuntado mp | G59: =VLOOKUP(A59,Base!A:D,4,0) -> EMBUTIDOS | I59: LATICINIOS | J59: mistura de requeijao mp | K59: KG | L59: 3.6 | M59: 24.2222 | N59: 87.19992
A60: 440-lanche apresuntado mp | B60: KG | C60: 5 | D60: 7.19 | E60: =TabelaMucambo[[#This Row],[Qtde]]*TabelaMucambo[[#This Row],[Vl. Unitário]] -> 35.95 | F60: =VLOOKUP(TabelaMucambo[[#This Row],[Código+Produto]],Base!A:C,3,0) -> lanche apresuntado mp | G60: =VLOOKUP(A60,Base!A:D,4,0) -> EMBUTIDOS | I60: LATICINIOS | J60: leite condensado mp | K60: 395G | L60: 12 | M60: 6.44 | N60: 77.28
A61: 442-linguica suina mp | B61: KG | C61: 10 | D61: 18.53 | E61: =TabelaMucambo[[#This Row],[Qtde]]*TabelaMucambo[[#This Row],[Vl. Unitário]] -> 185.3 | F61: =VLOOKUP(TabelaMucambo[[#This Row],[Código+Produto]],Base!A:C,3,0) -> linguica suina mp | G61: =VLOOKUP(A61,Base!A:D,4,0) -> EMBUTIDOS
A62: 442-linguica suina mp | B62: KG | C62: 10 | D62: 16.655 | E62: =TabelaMucambo[[#This Row],[Qtde]]*TabelaMucambo[[#This Row],[Vl. Unitário]] -> 166.55 | F62: =VLOOKUP(TabelaMucambo[[#This Row],[Código+Produto]],Base!A:C,3,0) -> linguica suina mp | G62: =VLOOKUP(A62,Base!A:D,4,0) -> EMBUTIDOS | I62: PRE PREPARO COZINHA | J62: prep molho vermelho | K62: LT | L62: 124 | M62: 6.7931733 | N62: 842.3536
A63: 442-linguica suina mp | B63: KG | C63: 10 | D63: 16.655 | E63: =TabelaMucambo[[#This Row],[Qtde]]*TabelaMucambo[[#This Row],[Vl. Unitário]] -> 166.55 | F63: =VLOOKUP(TabelaMucambo[[#This Row],[Código+Produto]],Base!A:C,3,0) -> linguica suina mp | G63: =VLOOKUP(A63,Base!A:D,4,0) -> EMBUTIDOS | I63: PRE PREPARO COZINHA | J63: prep molho madeira | K63: LT | L63: 29.55 | M63: 6.4554 | N63: 190.71651
A64: 442-linguica suina mp | B64: KG | C64: 5 | D64: 16.655 | E64: =TabelaMucambo[[#This Row],[Qtde]]*TabelaMucambo[[#This Row],[Vl. Unitário]] -> 83.275 | F64: =VLOOKUP(TabelaMucambo[[#This Row],[Código+Produto]],Base!A:C,3,0) -> linguica suina mp | G64: =VLOOKUP(A64,Base!A:D,4,0) -> EMBUTIDOS | I64: PRE PREPARO COZINHA | J64: prep farofa | K64: KG | L64: 36.8 | M64: 4.9016 | N64: 180.37888
A65: 442-linguica suina mp | B65: KG | C65: 10 | D65: 17.13 | E65: =TabelaMucambo[[#This Row],[Qtde]]*TabelaMucambo[[#This Row],[Vl. Unitário]] -> 171.3 | F65: =VLOOKUP(TabelaMucambo[[#This Row],[Código+Produto]],Base!A:C,3,0) -> linguica suina mp | G65: =VLOOKUP(A65,Base!A:D,4,0) -> EMBUTIDOS | I65: PRE PREPARO COZINHA | J65: prep fraldinha moida | K65: KG | L65: 12 | M65: 11.666667 | N65: 140.8
A66: 442-linguica suina mp | B66: KG | C66: 5 | D66: 17.13 | E66: =TabelaMucambo[[#This Row],[Qtde]]*TabelaMucambo[[#This Row],[Vl. Unitário]] -> 85.65 | F66: =VLOOKUP(TabelaMucambo[[#This Row],[Código+Produto]],Base!A:C,3,0) -> linguica suina mp | G66: =VLOOKUP(A66,Base!A:D,4,0) -> EMBUTIDOS | I66: PRE PREPARO COZINHA | J66: prep massa rondelli | K66: KG | L66: 33.85 | M66: 3.6436 | N66: 123.17011
A67: 442-linguica suina mp | B67: KG | C67: 5 | D67: 17.13 | E67: =TabelaMucambo[[#This Row],[Qtde]]*TabelaMucambo[[#This Row],[Vl. Unitário]] -> 85.65 | F67: =VLOOKUP(TabelaMucambo[[#This Row],[Código+Produto]],Base!A:C,3,0) -> linguica suina mp | G67: =VLOOKUP(A67,Base!A:D,4,0) -> EMBUTIDOS | I67: PRE PREPARO COZINHA | J67: prep cordao file mignon moido | K67: KG | L67: 7.75 | M67: 15 | N67: 116.25
A68: 442-linguica suina mp | B68: KG | C68: 10 | D68: 16.655 | E68: =TabelaMucambo[[#This Row],[Qtde]]*TabelaMucambo[[#This Row],[Vl. Unitário]] -> 166.55 | F68: =VLOOKUP(TabelaMucambo[[#This Row],[Código+Produto]],Base!A:C,3,0) -> linguica suina mp | G68: =VLOOKUP(A68,Base!A:D,4,0) -> EMBUTIDOS | I68: PRE PREPARO COZINHA | J68: prep massa fettuccine | K68: KG | L68: 29.15 | M68: 3.6425333 | N68: 106.15427
A69: 442-linguica suina mp | B69: KG | C69: 5 | D69: 16.655 | E69: =TabelaMucambo[[#This Row],[Qtde]]*TabelaMucambo[[#This Row],[Vl. Unitário]] -> 83.275 | F69: =VLOOKUP(TabelaMucambo[[#This Row],[Código+Produto]],Base!A:C,3,0) -> linguica suina mp | G69: =VLOOKUP(A69,Base!A:D,4,0) -> EMBUTIDOS | I69: PRE PREPARO COZINHA | J69: prep oleo de porco | K69: LT | L69: 11 | M69: 5.3333333 | N69: 60
A70: 442-linguica suina mp | B70: KG | C70: 5 | D70: 17.42 | E70: =TabelaMucambo[[#This Row],[Qtde]]*TabelaMucambo[[#This Row],[Vl. Unitário]] -> 87.1 | F70: =VLOOKUP(TabelaMucambo[[#This Row],[Código+Produto]],Base!A:C,3,0) -> linguica suina mp | G70: =VLOOKUP(A70,Base!A:D,4,0) -> EMBUTIDOS | I70: PRE PREPARO COZINHA | J70: prep aipim limpo e cozido | K70: KG | L70: 9.46 | M70: 5.5 | N70: 51.36
A71: 442-linguica suina mp | B71: KG | C71: 5 | D71: 17.42 | E71: =TabelaMucambo[[#This Row],[Qtde]]*TabelaMucambo[[#This Row],[Vl. Unitário]] -> 87.1 | F71: =VLOOKUP(TabelaMucambo[[#This Row],[Código+Produto]],Base!A:C,3,0) -> linguica suina mp | G71: =VLOOKUP(A71,Base!A:D,4,0) -> EMBUTIDOS
A72: 446-file de peito de frango mp | B72: KG | C72: 15 | D72: 17.415 | E72: =TabelaMucambo[[#This Row],[Qtde]]*TabelaMucambo[[#This Row],[Vl. Unitário]] -> 261.225 | F72: =VLOOKUP(TabelaMucambo[[#This Row],[Código+Produto]],Base!A:C,3,0) -> file de peito de frango mp | G72: =VLOOKUP(A72,Base!A:D,4,0) -> FRANGOS E DERIVADOS | I72: EMBUTIDOS | J72: linguica suina mp | K72: KG | L72: 80 | M72: 17.094091 | N72: 1368.3
A73: 446-file de peito de frango mp | B73: KG | C73: 28 | D73: 17.415 | E73: =TabelaMucambo[[#This Row],[Qtde]]*TabelaMucambo[[#This Row],[Vl. Unitário]] -> 487.62 | F73: =VLOOKUP(TabelaMucambo[[#This Row],[Código+Produto]],Base!A:C,3,0) -> file de peito de frango mp | G73: =VLOOKUP(A73,Base!A:D,4,0) -> FRANGOS E DERIVADOS | I73: EMBUTIDOS | J73: lanche apresuntado mp | K73: KG | L73: 34.35 | M73: 7.1233333 | N73: 244.5265
A74: 446-file de peito de frango mp | B74: KG | C74: 30 | D74: 17.415 | E74: =TabelaMucambo[[#This Row],[Qtde]]*TabelaMucambo[[#This Row],[Vl. Unitário]] -> 522.45 | F74: =VLOOKUP(TabelaMucambo[[#This Row],[Código+Produto]],Base!A:C,3,0) -> file de peito de frango mp | G74: =VLOOKUP(A74,Base!A:D,4,0) -> FRANGOS E DERIVADOS
A75: 446-file de peito de frango mp | B75: KG | C75: 15 | D75: 17.415 | E75: =TabelaMucambo[[#This Row],[Qtde]]*TabelaMucambo[[#This Row],[Vl. Unitário]] -> 261.225 | F75: =VLOOKUP(TabelaMucambo[[#This Row],[Código+Produto]],Base!A:C,3,0) -> file de peito de frango mp | G75: =VLOOKUP(A75,Base!A:D,4,0) -> FRANGOS E DERIVADOS | I75: OLEO DE SOJA | J75: oleo de soja | K75: 900ML | L75: 80 | M75: 7.49 | N75: 599.2
A76: 446-file de peito de frango mp | B76: KG | C76: 20 | D76: 17.415 | E76: =TabelaMucambo[[#This Row],[Qtde]]*TabelaMucambo[[#This Row],[Vl. Unitário]] -> 348.3 | F76: =VLOOKUP(TabelaMucambo[[#This Row],[Código+Produto]],Base!A:C,3,0) -> file de peito de frango mp | G76: =VLOOKUP(A76,Base!A:D,4,0) -> FRANGOS E DERIVADOS | I76: OLEO DE SOJA | J76: oleo de soja | K76: LT | L76: 18 | M76: 8.3222 | N76: 149.7996
A77: 446-file de peito de frango mp | B77: KG | C77: 15 | D77: 17.415 | E77: =TabelaMucambo[[#This Row],[Qtde]]*TabelaMucambo[[#This Row],[Vl. Unitário]] -> 261.225 | F77: =VLOOKUP(TabelaMucambo[[#This Row],[Código+Produto]],Base!A:C,3,0) -> file de peito de frango mp | G77: =VLOOKUP(A77,Base!A:D,4,0) -> FRANGOS E DERIVADOS
A78: 446-file de peito de frango mp | B78: KG | C78: 15 | D78: 16.119 | E78: =TabelaMucambo[[#This Row],[Qtde]]*TabelaMucambo[[#This Row],[Vl. Unitário]] -> 241.785 | F78: =VLOOKUP(TabelaMucambo[[#This Row],[Código+Produto]],Base!A:C,3,0) -> file de peito de frango mp | G78: =VLOOKUP(A78,Base!A:D,4,0) -> FRANGOS E DERIVADOS | I78: CERVEJAS | J78: HEINEKEN 600ML | K78: UN | L78: 48 | M78: 9.5833 | N78: 459.9984
A79: 446-file de peito de frango mp | B79: KG | C79: 15 | D79: 16.119 | E79: =TabelaMucambo[[#This Row],[Qtde]]*TabelaMucambo[[#This Row],[Vl. Unitário]] -> 241.785 | F79: =VLOOKUP(TabelaMucambo[[#This Row],[Código+Produto]],Base!A:C,3,0) -> file de peito de frango mp | G79: =VLOOKUP(A79,Base!A:D,4,0) -> FRANGOS E DERIVADOS | I79: CERVEJAS | J79: HEINEKEN LN 330ML | K79: UN | L79: 24 | M79: 5.9167 | N79: 142.0008
A80: 446-file de peito de frango mp | B80: KG | C80: 15 | D80: 16.119 | E80: =TabelaMucambo[[#This Row],[Qtde]]*TabelaMucambo[[#This Row],[Vl. Unitário]] -> 241.785 | F80: =VLOOKUP(TabelaMucambo[[#This Row],[Código+Produto]],Base!A:C,3,0) -> file de peito de frango mp | G80: =VLOOKUP(A80,Base!A:D,4,0) -> FRANGOS E DERIVADOS
A81: 446-file de peito de frango mp | B81: KG | C81: 30 | D81: 16.119 | E81: =TabelaMucambo[[#This Row],[Qtde]]*TabelaMucambo[[#This Row],[Vl. Unitário]] -> 483.57 | F81: =VLOOKUP(TabelaMucambo[[#This Row],[Código+Produto]],Base!A:C,3,0) -> file de peito de frango mp | G81: =VLOOKUP(A81,Base!A:D,4,0) -> FRANGOS E DERIVADOS | I81: PRE PREPARO BAR | J81: prep polpa maracuja com sement | K81: KG | L81: 18 | M81: 25 | N81: 450
A82: 446-file de peito de frango mp | B82: KG | C82: 15 | D82: 16.119 | E82: =TabelaMucambo[[#This Row],[Qtde]]*TabelaMucambo[[#This Row],[Vl. Unitário]] -> 241.785 | F82: =VLOOKUP(TabelaMucambo[[#This Row],[Código+Produto]],Base!A:C,3,0) -> file de peito de frango mp | G82: =VLOOKUP(A82,Base!A:D,4,0) -> FRANGOS E DERIVADOS
A83: 446-file de peito de frango mp | B83: KG | C83: 13.3 | D83: 16.119 | E83: =TabelaMucambo[[#This Row],[Qtde]]*TabelaMucambo[[#This Row],[Vl. Unitário]] -> 214.3827 | F83: =VLOOKUP(TabelaMucambo[[#This Row],[Código+Produto]],Base!A:C,3,0) -> file de peito de frango mp | G83: =VLOOKUP(A83,Base!A:D,4,0) -> FRANGOS E DERIVADOS | I83: MATERIAIS DE LIMPEZA | J83: detergente liquido | K83: 500ML | L83: 127 | M83: 2.2166667 | N83: 284.18
A84: 446-file de peito de frango mp | B84: KG | C84: 15 | D84: 16.119 | E84: =TabelaMucambo[[#This Row],[Qtde]]*TabelaMucambo[[#This Row],[Vl. Unitário]] -> 241.785 | F84: =VLOOKUP(TabelaMucambo[[#This Row],[Código+Produto]],Base!A:C,3,0) -> file de peito de frango mp | G84: =VLOOKUP(A84,Base!A:D,4,0) -> FRANGOS E DERIVADOS | I84: MATERIAIS DE LIMPEZA | J84: agua sanitaria | K84: LT | L84: 48 | M84: 1.54 | N84: 73.92
A85: 446-file de peito de frango mp | B85: KG | C85: 18.326 | D85: 16.119 | E85: =TabelaMucambo[[#This Row],[Qtde]]*TabelaMucambo[[#This Row],[Vl. Unitário]] -> 295.39679 | F85: =VLOOKUP(TabelaMucambo[[#This Row],[Código+Produto]],Base!A:C,3,0) -> file de peito de frango mp | G85: =VLOOKUP(A85,Base!A:D,4,0) -> FRANGOS E DERIVADOS | I85: MATERIAIS DE LIMPEZA | J85: papel higienico | K85: PC | L85: 8 | M85: 3.38 | N85: 27.04
A86: 447-frango inteiro mp | B86: KG | C86: 2.75 | D86: 9.9708 | E86: =TabelaMucambo[[#This Row],[Qtde]]*TabelaMucambo[[#This Row],[Vl. Unitário]] -> 27.4197 | F86: =VLOOKUP(TabelaMucambo[[#This Row],[Código+Produto]],Base!A:C,3,0) -> frango inteiro mp | G86: =VLOOKUP(A86,Base!A:D,4,0) -> FRANGOS E DERIVADOS | I86: MATERIAIS DE LIMPEZA | J86: esponja de lavar louca | K86: UN | L86: 20 | M86: 0.7 | N86: 14
A87: 447-frango inteiro mp | B87: KG | C87: 2.5 | D87: 9.9708 | E87: =TabelaMucambo[[#This Row],[Qtde]]*TabelaMucambo[[#This Row],[Vl. Unitário]] -> 24.927 | F87: =VLOOKUP(TabelaMucambo[[#This Row],[Código+Produto]],Base!A:C,3,0) -> frango inteiro mp | G87: =VLOOKUP(A87,Base!A:D,4,0) -> FRANGOS E DERIVADOS
A88: 447-frango inteiro mp | B88: KG | C88: 3.15 | D88: 9.9708 | E88: =TabelaMucambo[[#This Row],[Qtde]]*TabelaMucambo[[#This Row],[Vl. Unitário]] -> 31.40802 | F88: =VLOOKUP(TabelaMucambo[[#This Row],[Código+Produto]],Base!A:C,3,0) -> frango inteiro mp | G88: =VLOOKUP(A88,Base!A:D,4,0) -> FRANGOS E DERIVADOS | I88: REFRIGERANTES | J88: CAJUINA SAO GERALDO 1L | K88: UN | L88: 12 | M88: 6.6667 | N88: 80.0004
A89: 447-frango inteiro mp | B89: KG | C89: 2.2 | D89: 9.9708 | E89: =TabelaMucambo[[#This Row],[Qtde]]*TabelaMucambo[[#This Row],[Vl. Unitário]] -> 21.93576 | F89: =VLOOKUP(TabelaMucambo[[#This Row],[Código+Produto]],Base!A:C,3,0) -> frango inteiro mp | G89: =VLOOKUP(A89,Base!A:D,4,0) -> FRANGOS E DERIVADOS | I89: REFRIGERANTES | J89: COCA-COLA KS 290ML | K89: UN | L89: 24 | M89: 2.6442 | N89: 63.4608
A90: 449-ovo mp | B90: UN | C90: 60 | D90: 0.5667 | E90: =TabelaMucambo[[#This Row],[Qtde]]*TabelaMucambo[[#This Row],[Vl. Unitário]] -> 34.002 | F90: =VLOOKUP(TabelaMucambo[[#This Row],[Código+Produto]],Base!A:C,3,0) -> ovo mp | G90: =VLOOKUP(A90,Base!A:D,4,0) -> FRANGOS E DERIVADOS
A91: 449-ovo mp | B91: BJ30 | C91: 4 | D91: 17.001 | E91: =TabelaMucambo[[#This Row],[Qtde]]*TabelaMucambo[[#This Row],[Vl. Unitário]] -> 68.004 | F91: =VLOOKUP(TabelaMucambo[[#This Row],[Código+Produto]],Base!A:C,3,0) -> ovo mp | G91: =VLOOKUP(A91,Base!A:D,4,0) -> FRANGOS E DERIVADOS | I91: VODKAS | J91: vodka smirnoff mp | K91: LT | L91: 2 | M91: 35.5 | N91: 71
A92: 449-ovo mp | B92: UN | C92: 90 | D92: 0.5667 | E92: =TabelaMucambo[[#This Row],[Qtde]]*TabelaMucambo[[#This Row],[Vl. Unitário]] -> 51.003 | F92: =VLOOKUP(TabelaMucambo[[#This Row],[Código+Produto]],Base!A:C,3,0) -> ovo mp | G92: =VLOOKUP(A92,Base!A:D,4,0) -> FRANGOS E DERIVADOS | I92: VODKAS | J92: vodka slova mp | K92: LT | L92: 5 | M92: 11.949 | N92: 59.4491
A93: 449-ovo mp | B93: UN | C93: 150 | D93: 0.5667 | E93: =TabelaMucambo[[#This Row],[Qtde]]*TabelaMucambo[[#This Row],[Vl. Unitário]] -> 85.005 | F93: =VLOOKUP(TabelaMucambo[[#This Row],[Código+Produto]],Base!A:C,3,0) -> ovo mp | G93: =VLOOKUP(A93,Base!A:D,4,0) -> FRANGOS E DERIVADOS
A94: 449-ovo mp | B94: UN | C94: 90 | D94: 0.5667 | E94: =TabelaMucambo[[#This Row],[Qtde]]*TabelaMucambo[[#This Row],[Vl. Unitário]] -> 51.003 | F94: =VLOOKUP(TabelaMucambo[[#This Row],[Código+Produto]],Base!A:C,3,0) -> ovo mp | G94: =VLOOKUP(A94,Base!A:D,4,0) -> FRANGOS E DERIVADOS | I94: CAFES | J94: cafe em po mp | K94: KG | L94: 2.25 | M94: 44.652 | N94: 100.467
A95: 449-ovo mp | B95: BJ30 | C95: 6 | D95: 17.001 | E95: =TabelaMucambo[[#This Row],[Qtde]]*TabelaMucambo[[#This Row],[Vl. Unitário]] -> 102.006 | F95: =VLOOKUP(TabelaMucambo[[#This Row],[Código+Produto]],Base!A:C,3,0) -> ovo mp | G95: =VLOOKUP(A95,Base!A:D,4,0) -> FRANGOS E DERIVADOS | I95: CAFES | J95: cafe em po mp | K95: 250G | L95: 8 | M95: 3.1616 | N95: 25.2928
A96: 449-ovo mp | B96: UN | C96: 60 | D96: 0.5667 | E96: =TabelaMucambo[[#This Row],[Qtde]]*TabelaMucambo[[#This Row],[Vl. Unitário]] -> 34.002 | F96: =VLOOKUP(TabelaMucambo[[#This Row],[Código+Produto]],Base!A:C,3,0) -> ovo mp | G96: =VLOOKUP(A96,Base!A:D,4,0) -> FRANGOS E DERIVADOS
A97: 449-ovo mp | B97: UN | C97: 180 | D97: 0.5667 | E97: =TabelaMucambo[[#This Row],[Qtde]]*TabelaMucambo[[#This Row],[Vl. Unitário]] -> 102.006 | F97: =VLOOKUP(TabelaMucambo[[#This Row],[Código+Produto]],Base!A:C,3,0) -> ovo mp | G97: =VLOOKUP(A97,Base!A:D,4,0) -> FRANGOS E DERIVADOS | I97: CACHACAS | J97: cachaca velho barreiro mp | K97: LT | L97: 3 | M97: 21.5165 | N97: 64.5495
A98: 449-ovo mp | B98: UN | C98: 60 | D98: 0.5667 | E98: =TabelaMucambo[[#This Row],[Qtde]]*TabelaMucambo[[#This Row],[Vl. Unitário]] -> 34.002 | F98: =VLOOKUP(TabelaMucambo[[#This Row],[Código+Produto]],Base!A:C,3,0) -> ovo mp | G98: =VLOOKUP(A98,Base!A:D,4,0) -> FRANGOS E DERIVADOS | I98: CACHACAS | J98: cachaca ypioca ouro mp | K98: 965ML | L98: 2 | M98: 16.405 | N98: 32.81
A99: 450-coentro mp | B99: KG | C99: 1.15 | D99: 1.55 | E99: =TabelaMucambo[[#This Row],[Qtde]]*TabelaMucambo[[#This Row],[Vl. Unitário]] -> 1.7825 | F99: =VLOOKUP(TabelaMucambo[[#This Row],[Código+Produto]],Base!A:C,3,0) -> coentro mp | G99: =VLOOKUP(A99,Base!A:D,4,0) -> HORTIFRUTI
A100: 450-coentro mp | B100: KG | C100: 1.55 | D100: 1.55 | E100: =TabelaMucambo[[#This Row],[Qtde]]*TabelaMucambo[[#This Row],[Vl. Unitário]] -> 2.4025 | F100: =VLOOKUP(TabelaMucambo[[#This Row],[Código+Produto]],Base!A:C,3,0) -> coentro mp | G100: =VLOOKUP(A100,Base!A:D,4,0) -> HORTIFRUTI | I100: BOLOS E TORTAS | J100: PETIT GATEAU COM SORVETE | K100: UN | L100: 10 | M100: 7 | N100: 70
A101: 450-coentro mp | B101: KG | C101: 1.85 | D101: 1.55 | E101: =TabelaMucambo[[#This Row],[Qtde]]*TabelaMucambo[[#This Row],[Vl. Unitário]] -> 2.8675 | F101: =VLOOKUP(TabelaMucambo[[#This Row],[Código+Produto]],Base!A:C,3,0) -> coentro mp | G101: =VLOOKUP(A101,Base!A:D,4,0) -> HORTIFRUTI
A102: 450-coentro mp | B102: KG | C102: 1.6 | D102: 1.55 | E102: =TabelaMucambo[[#This Row],[Qtde]]*TabelaMucambo[[#This Row],[Vl. Unitário]] -> 2.48 | F102: =VLOOKUP(TabelaMucambo[[#This Row],[Código+Produto]],Base!A:C,3,0) -> coentro mp | G102: =VLOOKUP(A102,Base!A:D,4,0) -> HORTIFRUTI | I102: TEMPEROS E CORANTES | J102: amaciante de carne mp | K102: KG | L102: 2.2 | M102: 30.1227 | N102: 66.26994
A103: 450-coentro mp | B103: KG | C103: 2.2 | D103: 1.55 | E103: =TabelaMucambo[[#This Row],[Qtde]]*TabelaMucambo[[#This Row],[Vl. Unitário]] -> 3.41 | F103: =VLOOKUP(TabelaMucambo[[#This Row],[Código+Produto]],Base!A:C,3,0) -> coentro mp | G103: =VLOOKUP(A103,Base!A:D,4,0) -> HORTIFRUTI
A104: 450-coentro mp | B104: KG | C104: 0.85 | D104: 1.55 | E104: =TabelaMucambo[[#This Row],[Qtde]]*TabelaMucambo[[#This Row],[Vl. Unitário]] -> 1.3175 | F104: =VLOOKUP(TabelaMucambo[[#This Row],[Código+Produto]],Base!A:C,3,0) -> coentro mp | G104: =VLOOKUP(A104,Base!A:D,4,0) -> HORTIFRUTI | I104: MOUSSES | J104: MOUSSE DE MARACUJA | K104: UN | L104: 10 | M104: 6 | N104: 60
...

Sheet Frecheirinha
A1: Relatório BackOffice - Central > Movimentação > Transferências > Transferências externas por loja Selecionar a loja e exportar como Xlsx Dados Arquivo | I1: Transferências - Frecheirinha (Maio/2026) | M1: Total
M3: =SUM(N6:N1048576) -> 55885.84 | P3: 39621.933
A5: Código+Produto | B5: UN | C5: Qtde | D5: Vl. Unitário | E5: Vl. Total | F5: Produto | G5: Grupo | I5: Grupo | J5: Produto | K5: UN | L5: Quantidade | M5: Valor Unitário | N5: Valor Total
A6: 1090-capa de contra file mp | B6: KG | C6: 13.3 | D6: 30.6301 | E6: =TabelaFrecheirinha[[#This Row],[Qtde]]*TabelaFrecheirinha[[#This Row],[Vl. Unitário]] -> 407.38033 | F6: =VLOOKUP(TabelaFrecheirinha[[#This Row],[Código+Produto]],Base!A:C,3,0) -> capa de contra file mp | G6: =VLOOKUP(A6,Base!A:D,4,0) -> CARNES BOVINAS | I6: CARNES BOVINAS | J6: contra file mp | K6: KG | L6: 305 | M6: 41.534 | N6: 12708.758
A7: 296-PUDIM DE LEITE CONDENSADO | B7: UN | C7: 12 | D7: 9 | E7: =TabelaFrecheirinha[[#This Row],[Qtde]]*TabelaFrecheirinha[[#This Row],[Vl. Unitário]] -> 108 | F7: =VLOOKUP(TabelaFrecheirinha[[#This Row],[Código+Produto]],Base!A:C,3,0) -> PUDIM DE LEITE CONDENSADO | G7: =VLOOKUP(A7,Base!A:D,4,0) -> PUDINS | I7: CARNES BOVINAS | J7: picanha importada mp | K7: KG | L7: 29.55 | M7: 92.17448 | N7: 2723.7281
A8: 429-carne de sol mp | B8: KG | C8: 3.8 | D8: 46.9067 | E8: =TabelaFrecheirinha[[#This Row],[Qtde]]*TabelaFrecheirinha[[#This Row],[Vl. Unitário]] -> 178.24546 | F8: =VLOOKUP(TabelaFrecheirinha[[#This Row],[Código+Produto]],Base!A:C,3,0) -> carne de sol mp | G8: =VLOOKUP(A8,Base!A:D,4,0) -> CARNES BOVINAS | I8: CARNES BOVINAS | J8: file mignon mp | K8: KG | L8: 27.95 | M8: 64.99755 | N8: 1816.6892
A9: 429-carne de sol mp | B9: KG | C9: 3.1 | D9: 46.9067 | E9: =TabelaFrecheirinha[[#This Row],[Qtde]]*TabelaFrecheirinha[[#This Row],[Vl. Unitário]] -> 145.41077 | F9: =VLOOKUP(TabelaFrecheirinha[[#This Row],[Código+Produto]],Base!A:C,3,0) -> carne de sol mp | G9: =VLOOKUP(A9,Base!A:D,4,0) -> CARNES BOVINAS | I9: CARNES BOVINAS | J9: costela bovina mp | K9: KG | L9: 20.9 | M9: 19.5 | N9: 407.55
A10: 430-contra file mp | B10: KG | C10: 25.5 | D10: 42.89 | E10: =TabelaFrecheirinha[[#This Row],[Qtde]]*TabelaFrecheirinha[[#This Row],[Vl. Unitário]] -> 1093.695 | F10: =VLOOKUP(TabelaFrecheirinha[[#This Row],[Código+Produto]],Base!A:C,3,0) -> contra file mp | G10: =VLOOKUP(A10,Base!A:D,4,0) -> CARNES BOVINAS | I10: CARNES BOVINAS | J10: capa de contra file mp | K10: KG | L10: 13.3 | M10: 30.6301 | N10: 407.38033
A11: 430-contra file mp | B11: KG | C11: 58 | D11: 42.89 | E11: =TabelaFrecheirinha[[#This Row],[Qtde]]*TabelaFrecheirinha[[#This Row],[Vl. Unitário]] -> 2487.62 | F11: =VLOOKUP(TabelaFrecheirinha[[#This Row],[Código+Produto]],Base!A:C,3,0) -> contra file mp | G11: =VLOOKUP(A11,Base!A:D,4,0) -> CARNES BOVINAS | I11: CARNES BOVINAS | J11: carne de sol mp | K11: KG | L11: 6.9 | M11: 46.9067 | N11: 323.65623
A12: 430-contra file mp | B12: KG | C12: 25.9 | D12: 42.89 | E12: =TabelaFrecheirinha[[#This Row],[Qtde]]*TabelaFrecheirinha[[#This Row],[Vl. Unitário]] -> 1110.851 | F12: =VLOOKUP(TabelaFrecheirinha[[#This Row],[Código+Produto]],Base!A:C,3,0) -> contra file mp | G12: =VLOOKUP(A12,Base!A:D,4,0) -> CARNES BOVINAS | I12: CARNES BOVINAS | J12: cordao do file mignon mp | K12: KG | L12: 5 | M12: 26.4999 | N12: 132.4995
A13: 430-contra file mp | B13: KG | C13: 27.95 | D13: 42.89 | E13: =TabelaFrecheirinha[[#This Row],[Qtde]]*TabelaFrecheirinha[[#This Row],[Vl. Unitário]] -> 1198.7755 | F13: =VLOOKUP(TabelaFrecheirinha[[#This Row],[Código+Produto]],Base!A:C,3,0) -> contra file mp | G13: =VLOOKUP(A13,Base!A:D,4,0) -> CARNES BOVINAS
A14: 430-contra file mp | B14: KG | C14: 27 | D14: 41 | E14: =TabelaFrecheirinha[[#This Row],[Qtde]]*TabelaFrecheirinha[[#This Row],[Vl. Unitário]] -> 1107 | F14: =VLOOKUP(TabelaFrecheirinha[[#This Row],[Código+Produto]],Base!A:C,3,0) -> contra file mp | G14: =VLOOKUP(A14,Base!A:D,4,0) -> CARNES BOVINAS | I14: PEIXES E FRUTOS DO MAR | J14: tilapia limpa mp | K14: KG | L14: 370.55 | M14: 17 | N14: 6299.35
A15: 430-contra file mp | B15: KG | C15: 15.85 | D15: 41 | E15: =TabelaFrecheirinha[[#This Row],[Qtde]]*TabelaFrecheirinha[[#This Row],[Vl. Unitário]] -> 649.85 | F15: =VLOOKUP(TabelaFrecheirinha[[#This Row],[Código+Produto]],Base!A:C,3,0) -> contra file mp | G15: =VLOOKUP(A15,Base!A:D,4,0) -> CARNES BOVINAS | I15: PEIXES E FRUTOS DO MAR | J15: camarao mp | K15: KG | L15: 30.1 | M15: 33 | N15: 993.3
A16: 430-contra file mp | B16: KG | C16: 24 | D16: 41 | E16: =TabelaFrecheirinha[[#This Row],[Qtde]]*TabelaFrecheirinha[[#This Row],[Vl. Unitário]] -> 984 | F16: =VLOOKUP(TabelaFrecheirinha[[#This Row],[Código+Produto]],Base!A:C,3,0) -> contra file mp | G16: =VLOOKUP(A16,Base!A:D,4,0) -> CARNES BOVINAS
A17: 430-contra file mp | B17: KG | C17: 50.5 | D17: 41 | E17: =TabelaFrecheirinha[[#This Row],[Qtde]]*TabelaFrecheirinha[[#This Row],[Vl. Unitário]] -> 2070.5 | F17: =VLOOKUP(TabelaFrecheirinha[[#This Row],[Código+Produto]],Base!A:C,3,0) -> contra file mp | G17: =VLOOKUP(A17,Base!A:D,4,0) -> CARNES BOVINAS | I17: SUINOS E DERIVADOS | J17: carne suina mp | K17: KG | L17: 269.6 | M17: 16.5701 | N17: 4467.299
A18: 430-contra file mp | B18: KG | C18: 24 | D18: 39.89 | E18: =TabelaFrecheirinha[[#This Row],[Qtde]]*TabelaFrecheirinha[[#This Row],[Vl. Unitário]] -> 957.36 | F18: =VLOOKUP(TabelaFrecheirinha[[#This Row],[Código+Produto]],Base!A:C,3,0) -> contra file mp | G18: =VLOOKUP(A18,Base!A:D,4,0) -> CARNES BOVINAS | I18: SUINOS E DERIVADOS | J18: costela suina mp | K18: KG | L18: 33.55 | M18: 19.51 | N18: 654.5605
A19: 430-contra file mp | B19: KG | C19: 26.3 | D19: 39.89 | E19: =TabelaFrecheirinha[[#This Row],[Qtde]]*TabelaFrecheirinha[[#This Row],[Vl. Unitário]] -> 1049.107 | F19: =VLOOKUP(TabelaFrecheirinha[[#This Row],[Código+Produto]],Base!A:C,3,0) -> contra file mp | G19: =VLOOKUP(A19,Base!A:D,4,0) -> CARNES BOVINAS | I19: SUINOS E DERIVADOS | J19: bacon mp | K19: KG | L19: 22.4 | M19: 23.6714 | N19: 531.07136
A20: 431-cordao do file mignon mp | B20: KG | C20: 5 | D20: 26.4999 | E20: =TabelaFrecheirinha[[#This Row],[Qtde]]*TabelaFrecheirinha[[#This Row],[Vl. Unitário]] -> 132.4995 | F20: =VLOOKUP(TabelaFrecheirinha[[#This Row],[Código+Produto]],Base!A:C,3,0) -> cordao do file mignon mp | G20: =VLOOKUP(A20,Base!A:D,4,0) -> CARNES BOVINAS
A21: 432-file mignon mp | B21: KG | C21: 3.25 | D21: 65 | E21: =TabelaFrecheirinha[[#This Row],[Qtde]]*TabelaFrecheirinha[[#This Row],[Vl. Unitário]] -> 211.25 | F21: =VLOOKUP(TabelaFrecheirinha[[#This Row],[Código+Produto]],Base!A:C,3,0) -> file mignon mp | G21: =VLOOKUP(A21,Base!A:D,4,0) -> CARNES BOVINAS | I21: FRANGOS E DERIVADOS | J21: file de peito de frango mp | K21: KG | L21: 210 | M21: 17.127 | N21: 3618.27
A22: 432-file mignon mp | B22: KG | C22: 5.35 | D22: 65 | E22: =TabelaFrecheirinha[[#This Row],[Qtde]]*TabelaFrecheirinha[[#This Row],[Vl. Unitário]] -> 347.75 | F22: =VLOOKUP(TabelaFrecheirinha[[#This Row],[Código+Produto]],Base!A:C,3,0) -> file mignon mp | G22: =VLOOKUP(A22,Base!A:D,4,0) -> CARNES BOVINAS | I22: FRANGOS E DERIVADOS | J22: frango inteiro mp | K22: KG | L22: 76.5 | M22: 9.9708 | N22: 762.7662
A23: 432-file mignon mp | B23: KG | C23: 4 | D23: 65 | E23: =TabelaFrecheirinha[[#This Row],[Qtde]]*TabelaFrecheirinha[[#This Row],[Vl. Unitário]] -> 260 | F23: =VLOOKUP(TabelaFrecheirinha[[#This Row],[Código+Produto]],Base!A:C,3,0) -> file mignon mp | G23: =VLOOKUP(A23,Base!A:D,4,0) -> CARNES BOVINAS | I23: FRANGOS E DERIVADOS | J23: coxa e sobrecoxa mp | K23: KG | L23: 22.55 | M23: 8.9932333 | N23: 203.96965
A24: 432-file mignon mp | B24: KG | C24: 1.25 | D24: 64.9902 | E24: =TabelaFrecheirinha[[#This Row],[Qtde]]*TabelaFrecheirinha[[#This Row],[Vl. Unitário]] -> 81.23775 | F24: =VLOOKUP(TabelaFrecheirinha[[#This Row],[Código+Produto]],Base!A:C,3,0) -> file mignon mp | G24: =VLOOKUP(A24,Base!A:D,4,0) -> CARNES BOVINAS
A25: 432-file mignon mp | B25: KG | C25: 4.95 | D25: 64.9902 | E25: =TabelaFrecheirinha[[#This Row],[Qtde]]*TabelaFrecheirinha[[#This Row],[Vl. Unitário]] -> 321.70149 | F25: =VLOOKUP(TabelaFrecheirinha[[#This Row],[Código+Produto]],Base!A:C,3,0) -> file mignon mp | G25: =VLOOKUP(A25,Base!A:D,4,0) -> CARNES BOVINAS | I25: CONGELADOS | J25: batata pre frita mp | K25: KG | L25: 304 | M25: 12.413685 | N25: 3764.8152
A26: 432-file mignon mp | B26: KG | C26: 3.85 | D26: 65 | E26: =TabelaFrecheirinha[[#This Row],[Qtde]]*TabelaFrecheirinha[[#This Row],[Vl. Unitário]] -> 250.25 | F26: =VLOOKUP(TabelaFrecheirinha[[#This Row],[Código+Produto]],Base!A:C,3,0) -> file mignon mp | G26: =VLOOKUP(A26,Base!A:D,4,0) -> CARNES BOVINAS
A27: 432-file mignon mp | B27: KG | C27: 1.6 | D27: 65 | E27: =TabelaFrecheirinha[[#This Row],[Qtde]]*TabelaFrecheirinha[[#This Row],[Vl. Unitário]] -> 104 | F27: =VLOOKUP(TabelaFrecheirinha[[#This Row],[Código+Produto]],Base!A:C,3,0) -> file mignon mp | G27: =VLOOKUP(A27,Base!A:D,4,0) -> CARNES BOVINAS | I27: LATICINIOS | J27: leite mp | K27: LT | L27: 325 | M27: 3.5 | N27: 1137.5
A28: 432-file mignon mp | B28: KG | C28: 3.7 | D28: 65 | E28: =TabelaFrecheirinha[[#This Row],[Qtde]]*TabelaFrecheirinha[[#This Row],[Vl. Unitário]] -> 240.5 | F28: =VLOOKUP(TabelaFrecheirinha[[#This Row],[Código+Produto]],Base!A:C,3,0) -> file mignon mp | G28: =VLOOKUP(A28,Base!A:D,4,0) -> CARNES BOVINAS | I28: LATICINIOS | J28: queijo mussarela mp | K28: KG | L28: 32.1 | M28: 31.24505 | N28: 1003.374
A29: 434-picanha importada mp | B29: KG | C29: 4.9 | D29: 92.198 | E29: =TabelaFrecheirinha[[#This Row],[Qtde]]*TabelaFrecheirinha[[#This Row],[Vl. Unitário]] -> 451.7702 | F29: =VLOOKUP(TabelaFrecheirinha[[#This Row],[Código+Produto]],Base!A:C,3,0) -> picanha importada mp | G29: =VLOOKUP(A29,Base!A:D,4,0) -> CARNES BOVINAS | I29: LATICINIOS | J29: queijo coalho mp | K29: KG | L29: 38 | M29: 22.236655 | N29: 839.95175
A30: 434-picanha importada mp | B30: KG | C30: 6.95 | D30: 92.1704 | E30: =TabelaFrecheirinha[[#This Row],[Qtde]]*TabelaFrecheirinha[[#This Row],[Vl. Unitário]] -> 640.58428 | F30: =VLOOKUP(TabelaFrecheirinha[[#This Row],[Código+Produto]],Base!A:C,3,0) -> picanha importada mp | G30: =VLOOKUP(A30,Base!A:D,4,0) -> CARNES BOVINAS | I30: LATICINIOS | J30: margarina mp | K30: KG | L30: 29 | M30: 8.35 | N30: 241.89
A31: 434-picanha importada mp | B31: KG | C31: 7 | D31: 92.168 | E31: =TabelaFrecheirinha[[#This Row],[Qtde]]*TabelaFrecheirinha[[#This Row],[Vl. Unitário]] -> 645.176 | F31: =VLOOKUP(TabelaFrecheirinha[[#This Row],[Código+Produto]],Base!A:C,3,0) -> picanha importada mp | G31: =VLOOKUP(A31,Base!A:D,4,0) -> CARNES BOVINAS
A32: 434-picanha importada mp | B32: KG | C32: 3.7 | D32: 92.168 | E32: =TabelaFrecheirinha[[#This Row],[Qtde]]*TabelaFrecheirinha[[#This Row],[Vl. Unitário]] -> 341.0216 | F32: =VLOOKUP(TabelaFrecheirinha[[#This Row],[Código+Produto]],Base!A:C,3,0) -> picanha importada mp | G32: =VLOOKUP(A32,Base!A:D,4,0) -> CARNES BOVINAS | I32: HORTIFRUTI | J32: tomate mp | K32: KG | L32: 191.95 | M32: 7 | N32: 1343.65
A33: 434-picanha importada mp | B33: KG | C33: 7 | D33: 92.168 | E33: =TabelaFrecheirinha[[#This Row],[Qtde]]*TabelaFrecheirinha[[#This Row],[Vl. Unitário]] -> 645.176 | F33: =VLOOKUP(TabelaFrecheirinha[[#This Row],[Código+Produto]],Base!A:C,3,0) -> picanha importada mp | G33: =VLOOKUP(A33,Base!A:D,4,0) -> CARNES BOVINAS | I33: HORTIFRUTI | J33: laranja mp | K33: KG | L33: 173 | M33: 2.1053 | N33: 364.2169
A34: 436-batata pre frita mp | B34: KG | C34: 24 | D34: 12.9543 | E34: =TabelaFrecheirinha[[#This Row],[Qtde]]*TabelaFrecheirinha[[#This Row],[Vl. Unitário]] -> 310.9032 | F34: =VLOOKUP(TabelaFrecheirinha[[#This Row],[Código+Produto]],Base!A:C,3,0) -> batata pre frita mp | G34: =VLOOKUP(A34,Base!A:D,4,0) -> CONGELADOS | I34: HORTIFRUTI | J34: cenoura mp | K34: KG | L34: 109.83 | M34: 2.8125 | N34: 321.575
A35: 436-batata pre frita mp | B35: KG | C35: 24 | D35: 12.9543 | E35: =TabelaFrecheirinha[[#This Row],[Qtde]]*TabelaFrecheirinha[[#This Row],[Vl. Unitário]] -> 310.9032 | F35: =VLOOKUP(TabelaFrecheirinha[[#This Row],[Código+Produto]],Base!A:C,3,0) -> batata pre frita mp | G35: =VLOOKUP(A35,Base!A:D,4,0) -> CONGELADOS | I35: HORTIFRUTI | J35: batata inglesa mp | K35: KG | L35: 116 | M35: 2.7083 | N35: 314.1628
A36: 436-batata pre frita mp | B36: KG | C36: 12 | D36: 12.9543 | E36: =TabelaFrecheirinha[[#This Row],[Qtde]]*TabelaFrecheirinha[[#This Row],[Vl. Unitário]] -> 155.4516 | F36: =VLOOKUP(TabelaFrecheirinha[[#This Row],[Código+Produto]],Base!A:C,3,0) -> batata pre frita mp | G36: =VLOOKUP(A36,Base!A:D,4,0) -> CONGELADOS | I36: HORTIFRUTI | J36: cebola branca mp | K36: KG | L36: 99.55 | M36: 1.7 | N36: 169.235
A37: 436-batata pre frita mp | B37: KG | C37: 48 | D37: 12.9539 | E37: =TabelaFrecheirinha[[#This Row],[Qtde]]*TabelaFrecheirinha[[#This Row],[Vl. Unitário]] -> 621.7872 | F37: =VLOOKUP(TabelaFrecheirinha[[#This Row],[Código+Produto]],Base!A:C,3,0) -> batata pre frita mp | G37: =VLOOKUP(A37,Base!A:D,4,0) -> CONGELADOS | I37: HORTIFRUTI | J37: limao mp | K37: KG | L37: 35.45 | M37: 4 | N37: 141.8
A38: 436-batata pre frita mp | B38: KG | C38: 24 | D38: 12.9539 | E38: =TabelaFrecheirinha[[#This Row],[Qtde]]*TabelaFrecheirinha[[#This Row],[Vl. Unitário]] -> 310.8936 | F38: =VLOOKUP(TabelaFrecheirinha[[#This Row],[Código+Produto]],Base!A:C,3,0) -> batata pre frita mp | G38: =VLOOKUP(A38,Base!A:D,4,0) -> CONGELADOS | I38: HORTIFRUTI | J38: abacaxi mp | K38: UN | L38: 24 | M38: 3.6111 | N38: 86.6664
A39: 436-batata pre frita mp | B39: KG | C39: 24 | D39: 12.9539 | E39: =TabelaFrecheirinha[[#This Row],[Qtde]]*TabelaFrecheirinha[[#This Row],[Vl. Unitário]] -> 310.8936 | F39: =VLOOKUP(TabelaFrecheirinha[[#This Row],[Código+Produto]],Base!A:C,3,0) -> batata pre frita mp | G39: =VLOOKUP(A39,Base!A:D,4,0) -> CONGELADOS | I39: HORTIFRUTI | J39: pimentao mp | K39: KG | L39: 27.05 | M39: 2.5 | N39: 67.625
A40: 436-batata pre frita mp | B40: KG | C40: 24 | D40: 12.9539 | E40: =TabelaFrecheirinha[[#This Row],[Qtde]]*TabelaFrecheirinha[[#This Row],[Vl. Unitário]] -> 310.8936 | F40: =VLOOKUP(TabelaFrecheirinha[[#This Row],[Código+Produto]],Base!A:C,3,0) -> batata pre frita mp | G40: =VLOOKUP(A40,Base!A:D,4,0) -> CONGELADOS | I40: HORTIFRUTI | J40: alho mp | K40: KG | L40: 7.25 | M40: 8 | N40: 58
A41: 436-batata pre frita mp | B41: KG | C41: 12 | D41: 12.9539 | E41: =TabelaFrecheirinha[[#This Row],[Qtde]]*TabelaFrecheirinha[[#This Row],[Vl. Unitário]] -> 155.4468 | F41: =VLOOKUP(TabelaFrecheirinha[[#This Row],[Código+Produto]],Base!A:C,3,0) -> batata pre frita mp | G41: =VLOOKUP(A41,Base!A:D,4,0) -> CONGELADOS | I41: HORTIFRUTI | J41: morango mp | K41: KG | L41: 1.5 | M41: 35 | N41: 52.5
A42: 436-batata pre frita mp | B42: KG | C42: 24 | D42: 10.5965 | E42: =TabelaFrecheirinha[[#This Row],[Qtde]]*TabelaFrecheirinha[[#This Row],[Vl. Unitário]] -> 254.316 | F42: =VLOOKUP(TabelaFrecheirinha[[#This Row],[Código+Produto]],Base!A:C,3,0) -> batata pre frita mp | G42: =VLOOKUP(A42,Base!A:D,4,0) -> CONGELADOS | I42: HORTIFRUTI | J42: brocolis mp | K42: KG | L42: 7.27 | M42: 6.2868 | N42: 45.705036
A43: 436-batata pre frita mp | B43: KG | C43: 24 | D43: 10.5965 | E43: =TabelaFrecheirinha[[#This Row],[Qtde]]*TabelaFrecheirinha[[#This Row],[Vl. Unitário]] -> 254.316 | F43: =VLOOKUP(TabelaFrecheirinha[[#This Row],[Código+Produto]],Base!A:C,3,0) -> batata pre frita mp | G43: =VLOOKUP(A43,Base!A:D,4,0) -> CONGELADOS | I43: HORTIFRUTI | J43: aipim mp | K43: KG | L43: 5.4 | M43: 4.8 | N43: 25.92
... A45: 436-batata pre frita mp | B45: KG | C45: 28 | D45: 11.7993 | E45: =TabelaFrecheirinha[[#This Row],[Qtde]]*TabelaFrecheirinha[[#This Row],[Vl. Unitário]] -> 330.3804 | F45: =VLOOKUP(TabelaFrecheirinha[[#This Row],[Código+Produto]],Base!A:C,3,0) -> batata pre frita mp | G45: =VLOOKUP(A45,Base!A:D,4,0) -> CONGELADOS | I45: HORTIFRUTI | J45: alface mp | K45: KG | L45: 11.55 | M45: 0.75 | N45: 8.6625
A46: 436-batata pre frita mp | B46: KG | C46: 24 | D46: 11.7993 | E46: =TabelaFrecheirinha[[#This Row],[Qtde]]*TabelaFrecheirinha[[#This Row],[Vl. Unitário]] -> 283.1832 | F46: =VLOOKUP(TabelaFrecheirinha[[#This Row],[Código+Produto]],Base!A:C,3,0) -> batata pre frita mp | G46: =VLOOKUP(A46,Base!A:D,4,0) -> CONGELADOS
A47: 440-lanche apresuntado mp | B47: KG | C47: 5 | D47: 6.99 | E47: =TabelaFrecheirinha[[#This Row],[Qtde]]*TabelaFrecheirinha[[#This Row],[Vl. Unitário]] -> 34.95 | F47: =VLOOKUP(TabelaFrecheirinha[[#This Row],[Código+Produto]],Base!A:C,3,0) -> lanche apresuntado mp | G47: =VLOOKUP(A47,Base!A:D,4,0) -> EMBUTIDOS | I47: SECOS E MERCEARIA | J47: maionese mp | K47: KG | L47: 136.4 | M47: 10.739067 | N47: 1464.0675
A48: 440-lanche apresuntado mp | B48: KG | C48: 5.05 | D48: 6.99 | E48: =TabelaFrecheirinha[[#This Row],[Qtde]]*TabelaFrecheirinha[[#This Row],[Vl. Unitário]] -> 35.2995 | F48: =VLOOKUP(TabelaFrecheirinha[[#This Row],[Código+Produto]],Base!A:C,3,0) -> lanche apresuntado mp | G48: =VLOOKUP(A48,Base!A:D,4,0) -> EMBUTIDOS | I48: SECOS E MERCEARIA | J48: arroz parboilizado mp | K48: KG | L48: 110 | M48: 3.8625 | N48: 423
A49: 440-lanche apresuntado mp | B49: KG | C49: 2.55 | D49: 6.99 | E49: =TabelaFrecheirinha[[#This Row],[Qtde]]*TabelaFrecheirinha[[#This Row],[Vl. Unitário]] -> 17.8245 | F49: =VLOOKUP(TabelaFrecheirinha[[#This Row],[Código+Produto]],Base!A:C,3,0) -> lanche apresuntado mp | G49: =VLOOKUP(A49,Base!A:D,4,0) -> EMBUTIDOS | I49: SECOS E MERCEARIA | J49: creme culinario mp | K49: KG | L49: 23 | M49: 12.829929 | N49: 295.1538
A50: 440-lanche apresuntado mp | B50: KG | C50: 5 | D50: 6.99 | E50: =TabelaFrecheirinha[[#This Row],[Qtde]]*TabelaFrecheirinha[[#This Row],[Vl. Unitário]] -> 34.95 | F50: =VLOOKUP(TabelaFrecheirinha[[#This Row],[Código+Produto]],Base!A:C,3,0) -> lanche apresuntado mp | G50: =VLOOKUP(A50,Base!A:D,4,0) -> EMBUTIDOS | I50: SECOS E MERCEARIA | J50: farinha de rosca mp | K50: KG | L50: 41.67 | M50: 7 | N50: 291.69
A51: 440-lanche apresuntado mp | B51: KG | C51: 5 | D51: 7.99 | E51: =TabelaFrecheirinha[[#This Row],[Qtde]]*TabelaFrecheirinha[[#This Row],[Vl. Unitário]] -> 39.95 | F51: =VLOOKUP(TabelaFrecheirinha[[#This Row],[Código+Produto]],Base!A:C,3,0) -> lanche apresuntado mp | G51: =VLOOKUP(A51,Base!A:D,4,0) -> EMBUTIDOS | I51: SECOS E MERCEARIA | J51: feijao branco mp | K51: KG | L51: 32.3 | M51: 6.5 | N51: 209.95
A52: 440-lanche apresuntado mp | B52: KG | C52: 10 | D52: 7.99 | E52: =TabelaFrecheirinha[[#This Row],[Qtde]]*TabelaFrecheirinha[[#This Row],[Vl. Unitário]] -> 79.9 | F52: =VLOOKUP(TabelaFrecheirinha[[#This Row],[Código+Produto]],Base!A:C,3,0) -> lanche apresuntado mp | G52: =VLOOKUP(A52,Base!A:D,4,0) -> EMBUTIDOS | I52: SECOS E MERCEARIA | J52: macarrao espaguete mp | K52: 400G | L52: 42 | M52: 2.99 | N52: 125.58
A53: 440-lanche apresuntado mp | B53: KG | C53: 2.6 | D53: 7.99 | E53: =TabelaFrecheirinha[[#This Row],[Qtde]]*TabelaFrecheirinha[[#This Row],[Vl. Unitário]] -> 20.774 | F53: =VLOOKUP(TabelaFrecheirinha[[#This Row],[Código+Produto]],Base!A:C,3,0) -> lanche apresuntado mp | G53: =VLOOKUP(A53,Base!A:D,4,0) -> EMBUTIDOS | I53: SECOS E MERCEARIA | J53: macarrao espaguete mp | K53: CX14 | L53: 2 | M53: 41.86 | N53: 83.72
A54: 441-linguica calabresa mp | B54: KG | C54: 4.5 | D54: 20.8893 | E54: =TabelaFrecheirinha[[#This Row],[Qtde]]*TabelaFrecheirinha[[#This Row],[Vl. Unitário]] -> 94.00185 | F54: =VLOOKUP(TabelaFrecheirinha[[#This Row],[Código+Produto]],Base!A:C,3,0) -> linguica calabresa mp | G54: =VLOOKUP(A54,Base!A:D,4,0) -> EMBUTIDOS | I54: SECOS E MERCEARIA | J54: farinha de trigo mp | K54: KG | L54: 10 | M54: 4 | N54: 40
A55: 441-linguica calabresa mp | B55: KG | C55: 3 | D55: 22.94 | E55: =TabelaFrecheirinha[[#This Row],[Qtde]]*TabelaFrecheirinha[[#This Row],[Vl. Unitário]] -> 68.82 | F55: =VLOOKUP(TabelaFrecheirinha[[#This Row],[Código+Produto]],Base!A:C,3,0) -> linguica calabresa mp | G55: =VLOOKUP(A55,Base!A:D,4,0) -> EMBUTIDOS | I55: SECOS E MERCEARIA | J55: sal refinado mp | K55: KG | L55: 35 | M55: 0.67 | N55: 23.45
A56: 442-linguica suina mp | B56: KG | C56: 25 | D56: 18.53 | E56: =TabelaFrecheirinha[[#This Row],[Qtde]]*TabelaFrecheirinha[[#This Row],[Vl. Unitário]] -> 463.25 | F56: =VLOOKUP(TabelaFrecheirinha[[#This Row],[Código+Produto]],Base!A:C,3,0) -> linguica suina mp | G56: =VLOOKUP(A56,Base!A:D,4,0) -> EMBUTIDOS | I56: SECOS E MERCEARIA | J56: ketchup mp | K56: KG | L56: 3.3 | M56: 6.8707 | N56: 22.67331
A57: 442-linguica suina mp | B57: KG | C57: 10 | D57: 16.655 | E57: =TabelaFrecheirinha[[#This Row],[Qtde]]*TabelaFrecheirinha[[#This Row],[Vl. Unitário]] -> 166.55 | F57: =VLOOKUP(TabelaFrecheirinha[[#This Row],[Código+Produto]],Base!A:C,3,0) -> linguica suina mp | G57: =VLOOKUP(A57,Base!A:D,4,0) -> EMBUTIDOS | I57: SECOS E MERCEARIA | J57: vinagre mp | K57: 500ML | L57: 12 | M57: 1.46 | N57: 17.52
A58: 445-coxa e sobrecoxa mp | B58: KG | C58: 7.25 | D58: 8.79 | E58: =TabelaFrecheirinha[[#This Row],[Qtde]]*TabelaFrecheirinha[[#This Row],[Vl. Unitário]] -> 63.7275 | F58: =VLOOKUP(TabelaFrecheirinha[[#This Row],[Código+Produto]],Base!A:C,3,0) -> coxa e sobrecoxa mp | G58: =VLOOKUP(A58,Base!A:D,4,0) -> FRANGOS E DERIVADOS
A59: 445-coxa e sobrecoxa mp | B59: KG | C59: 5.8 | D59: 8.8 | E59: =TabelaFrecheirinha[[#This Row],[Qtde]]*TabelaFrecheirinha[[#This Row],[Vl. Unitário]] -> 51.04 | F59: =VLOOKUP(TabelaFrecheirinha[[#This Row],[Código+Produto]],Base!A:C,3,0) -> coxa e sobrecoxa mp | G59: =VLOOKUP(A59,Base!A:D,4,0) -> FRANGOS E DERIVADOS | I59: CERVEJAS | J59: HEINEKEN 600ML | K59: UN | L59: 96 | M59: 9.5833 | N59: 919.9968
A60: 445-coxa e sobrecoxa mp | B60: KG | C60: 9.5 | D60: 9.3897 | E60: =TabelaFrecheirinha[[#This Row],[Qtde]]*TabelaFrecheirinha[[#This Row],[Vl. Unitário]] -> 89.20215 | F60: =VLOOKUP(TabelaFrecheirinha[[#This Row],[Código+Produto]],Base!A:C,3,0) -> coxa e sobrecoxa mp | G60: =VLOOKUP(A60,Base!A:D,4,0) -> FRANGOS E DERIVADOS | I60: CERVEJAS | J60: HEINEKEN LN 330ML | K60: UN | L60: 96 | M60: 6.4583 | N60: 619.9968
A61: 446-file de peito de frango mp | B61: KG | C61: 30 | D61: 17.415 | E61: =TabelaFrecheirinha[[#This Row],[Qtde]]*TabelaFrecheirinha[[#This Row],[Vl. Unitário]] -> 522.45 | F61: =VLOOKUP(TabelaFrecheirinha[[#This Row],[Código+Produto]],Base!A:C,3,0) -> file de peito de frango mp | G61: =VLOOKUP(A61,Base!A:D,4,0) -> FRANGOS E DERIVADOS
A62: 446-file de peito de frango mp | B62: KG | C62: 30 | D62: 17.415 | E62: =TabelaFrecheirinha[[#This Row],[Qtde]]*TabelaFrecheirinha[[#This Row],[Vl. Unitário]] -> 522.45 | F62: =VLOOKUP(TabelaFrecheirinha[[#This Row],[Código+Produto]],Base!A:C,3,0) -> file de peito de frango mp | G62: =VLOOKUP(A62,Base!A:D,4,0) -> FRANGOS E DERIVADOS | I62: EMBUTIDOS | J62: linguica suina mp | K62: KG | L62: 35 | M62: 17.5925 | N62: 629.8
A63: 446-file de peito de frango mp | B63: KG | C63: 15 | D63: 17.415 | E63: =TabelaFrecheirinha[[#This Row],[Qtde]]*TabelaFrecheirinha[[#This Row],[Vl. Unitário]] -> 261.225 | F63: =VLOOKUP(TabelaFrecheirinha[[#This Row],[Código+Produto]],Base!A:C,3,0) -> file de peito de frango mp | G63: =VLOOKUP(A63,Base!A:D,4,0) -> FRANGOS E DERIVADOS | I63: EMBUTIDOS | J63: lanche apresuntado mp | K63: KG | L63: 35.2 | M63: 7.4185714 | N63: 263.648
A64: 446-file de peito de frango mp | B64: KG | C64: 15 | D64: 17.415 | E64: =TabelaFrecheirinha[[#This Row],[Qtde]]*TabelaFrecheirinha[[#This Row],[Vl. Unitário]] -> 261.225 | F64: =VLOOKUP(TabelaFrecheirinha[[#This Row],[Código+Produto]],Base!A:C,3,0) -> file de peito de frango mp | G64: =VLOOKUP(A64,Base!A:D,4,0) -> FRANGOS E DERIVADOS | I64: EMBUTIDOS | J64: linguica calabresa mp | K64: KG | L64: 7.5 | M64: 21.91465 | N64: 162.82185
A65: 446-file de peito de frango mp | B65: KG | C65: 30 | D65: 17.415 | E65: =TabelaFrecheirinha[[#This Row],[Qtde]]*TabelaFrecheirinha[[#This Row],[Vl. Unitário]] -> 522.45 | F65: =VLOOKUP(TabelaFrecheirinha[[#This Row],[Código+Produto]],Base!A:C,3,0) -> file de peito de frango mp | G65: =VLOOKUP(A65,Base!A:D,4,0) -> FRANGOS E DERIVADOS
A66: 446-file de peito de frango mp | B66: KG | C66: 30 | D66: 17.415 | E66: =TabelaFrecheirinha[[#This Row],[Qtde]]*TabelaFrecheirinha[[#This Row],[Vl. Unitário]] -> 522.45 | F66: =VLOOKUP(TabelaFrecheirinha[[#This Row],[Código+Produto]],Base!A:C,3,0) -> file de peito de frango mp | G66: =VLOOKUP(A66,Base!A:D,4,0) -> FRANGOS E DERIVADOS | I66: PRE PREPARO COZINHA | J66: prep farofa | K66: KG | L66: 67.05 | M66: 4.9016 | N66: 328.65228
A67: 446-file de peito de frango mp | B67: KG | C67: 30 | D67: 17.415 | E67: =TabelaFrecheirinha[[#This Row],[Qtde]]*TabelaFrecheirinha[[#This Row],[Vl. Unitário]] -> 522.45 | F67: =VLOOKUP(TabelaFrecheirinha[[#This Row],[Código+Produto]],Base!A:C,3,0) -> file de peito de frango mp | G67: =VLOOKUP(A67,Base!A:D,4,0) -> FRANGOS E DERIVADOS | I67: PRE PREPARO COZINHA | J67: prep molho madeira | K67: LT | L67: 30.5 | M67: 6.45382 | N67: 196.8433
A68: 446-file de peito de frango mp | B68: KG | C68: 15 | D68: 16.119 | E68: =TabelaFrecheirinha[[#This Row],[Qtde]]*TabelaFrecheirinha[[#This Row],[Vl. Unitário]] -> 241.785 | F68: =VLOOKUP(TabelaFrecheirinha[[#This Row],[Código+Produto]],Base!A:C,3,0) -> file de peito de frango mp | G68: =VLOOKUP(A68,Base!A:D,4,0) -> FRANGOS E DERIVADOS | I68: PRE PREPARO COZINHA | J68: prep brocolis limpo e cozido | K68: KG | L68: 18.9 | M68: 9.2658 | N68: 175.12362
A69: 446-file de peito de frango mp | B69: KG | C69: 15 | D69: 16.119 | E69: =TabelaFrecheirinha[[#This Row],[Qtde]]*TabelaFrecheirinha[[#This Row],[Vl. Unitário]] -> 241.785 | F69: =VLOOKUP(TabelaFrecheirinha[[#This Row],[Código+Produto]],Base!A:C,3,0) -> file de peito de frango mp | G69: =VLOOKUP(A69,Base!A:D,4,0) -> FRANGOS E DERIVADOS | I69: PRE PREPARO COZINHA | J69: prep aipim limpo e cozido | K69: KG | L69: 19.8 | M69: 4.6666667 | N69: 91.2
A70: 447-frango inteiro mp | B70: KG | C70: 3.3 | D70: 9.9708 | E70: =TabelaFrecheirinha[[#This Row],[Qtde]]*TabelaFrecheirinha[[#This Row],[Vl. Unitário]] -> 32.90364 | F70: =VLOOKUP(TabelaFrecheirinha[[#This Row],[Código+Produto]],Base!A:C,3,0) -> frango inteiro mp | G70: =VLOOKUP(A70,Base!A:D,4,0) -> FRANGOS E DERIVADOS | I70: PRE PREPARO COZINHA | J70: prep fraldinha moida | K70: KG | L70: 3.55 | M70: 13.5 | N70: 49.05
A71: 447-frango inteiro mp | B71: KG | C71: 6 | D71: 9.9708 | E71: =TabelaFrecheirinha[[#This Row],[Qtde]]*TabelaFrecheirinha[[#This Row],[Vl. Unitário]] -> 59.8248 | F71: =VLOOKUP(TabelaFrecheirinha[[#This Row],[Código+Produto]],Base!A:C,3,0) -> frango inteiro mp | G71: =VLOOKUP(A71,Base!A:D,4,0) -> FRANGOS E DERIVADOS | I71: PRE PREPARO COZINHA | J71: prep oleo de porco | K71: LT | L71: 10 | M71: 4 | N71: 40
A72: 447-frango inteiro mp | B72: KG | C72: 8.85 | D72: 9.9708 | E72: =TabelaFrecheirinha[[#This Row],[Qtde]]*TabelaFrecheirinha[[#This Row],[Vl. Unitário]] -> 88.24158 | F72: =VLOOKUP(TabelaFrecheirinha[[#This Row],[Código+Produto]],Base!A:C,3,0) -> frango inteiro mp | G72: =VLOOKUP(A72,Base!A:D,4,0) -> FRANGOS E DERIVADOS | I72: PRE PREPARO COZINHA | J72: prep massa fettuccine | K72: KG | L72: 9.18 | M72: 3.6538667 | N72: 33.543708
A73: 447-frango inteiro mp | B73: KG | C73: 5 | D73: 9.9708 | E73: =TabelaFrecheirinha[[#This Row],[Qtde]]*TabelaFrecheirinha[[#This Row],[Vl. Unitário]] -> 49.854 | F73: =VLOOKUP(TabelaFrecheirinha[[#This Row],[Código+Produto]],Base!A:C,3,0) -> frango inteiro mp | G73: =VLOOKUP(A73,Base!A:D,4,0) -> FRANGOS E DERIVADOS | I73: PRE PREPARO COZINHA | J73: prep batata palha frita | K73: KG | L73: 2.7 | M73: 10.7 | N73: 28.89
A74: 447-frango inteiro mp | B74: KG | C74: 5.6 | D74: 9.9708 | E74: =TabelaFrecheirinha[[#This Row],[Qtde]]*TabelaFrecheirinha[[#This Row],[Vl. Unitário]] -> 55.83648 | F74: =VLOOKUP(TabelaFrecheirinha[[#This Row],[Código+Produto]],Base!A:C,3,0) -> frango inteiro mp | G74: =VLOOKUP(A74,Base!A:D,4,0) -> FRANGOS E DERIVADOS
A75: 447-frango inteiro mp | B75: KG | C75: 21 | D75: 9.9708 | E75: =TabelaFrecheirinha[[#This Row],[Qtde]]*TabelaFrecheirinha[[#This Row],[Vl. Unitário]] -> 209.3868 | F75: =VLOOKUP(TabelaFrecheirinha[[#This Row],[Código+Produto]],Base!A:C,3,0) -> frango inteiro mp | G75: =VLOOKUP(A75,Base!A:D,4,0) -> FRANGOS E DERIVADOS | I75: PRE PREPARO BAR | J75: prep polpa maracuja com sement | K75: KG | L75: 34 | M75: 25 | N75: 850
A76: 447-frango inteiro mp | B76: KG | C76: 6.25 | D76: 9.9708 | E76: =TabelaFrecheirinha[[#This Row],[Qtde]]*TabelaFrecheirinha[[#This Row],[Vl. Unitário]] -> 62.3175 | F76: =VLOOKUP(TabelaFrecheirinha[[#This Row],[Código+Produto]],Base!A:C,3,0) -> frango inteiro mp | G76: =VLOOKUP(A76,Base!A:D,4,0) -> FRANGOS E DERIVADOS
A77: 447-frango inteiro mp | B77: KG | C77: 6.1 | D77: 9.9708 | E77: =TabelaFrecheirinha[[#This Row],[Qtde]]*TabelaFrecheirinha[[#This Row],[Vl. Unitário]] -> 60.82188 | F77: =VLOOKUP(TabelaFrecheirinha[[#This Row],[Código+Produto]],Base!A:C,3,0) -> frango inteiro mp | G77: =VLOOKUP(A77,Base!A:D,4,0) -> FRANGOS E DERIVADOS | I77: OLEO DE SOJA | J77: oleo de soja | K77: 900ML | L77: 102 | M77: 7.49 | N77: 763.98
A78: 447-frango inteiro mp | B78: KG | C78: 7 | D78: 9.9708 | E78: =TabelaFrecheirinha[[#This Row],[Qtde]]*TabelaFrecheirinha[[#This Row],[Vl. Unitário]] -> 69.7956 | F78: =VLOOKUP(TabelaFrecheirinha[[#This Row],[Código+Produto]],Base!A:C,3,0) -> frango inteiro mp | G78: =VLOOKUP(A78,Base!A:D,4,0) -> FRANGOS E DERIVADOS
A79: 447-frango inteiro mp | B79: KG | C79: 7.4 | D79: 9.9708 | E79: =TabelaFrecheirinha[[#This Row],[Qtde]]*TabelaFrecheirinha[[#This Row],[Vl. Unitário]] -> 73.78392 | F79: =VLOOKUP(TabelaFrecheirinha[[#This Row],[Código+Produto]],Base!A:C,3,0) -> frango inteiro mp | G79: =VLOOKUP(A79,Base!A:D,4,0) -> FRANGOS E DERIVADOS | I79: WHISKIES | J79: whisky old parr mp | K79: LT | L79: 3 | M79: 132.5 | N79: 397.5
A80: 450-coentro mp | B80: KG | C80: 1.2 | D80: 1.55 | E80: =TabelaFrecheirinha[[#This Row],[Qtde]]*TabelaFrecheirinha[[#This Row],[Vl. Unitário]] -> 1.86 | F80: =VLOOKUP(TabelaFrecheirinha[[#This Row],[Código+Produto]],Base!A:C,3,0) -> coentro mp | G80: =VLOOKUP(A80,Base!A:D,4,0) -> HORTIFRUTI | I80: WHISKIES | J80: whisky red label mp | K80: LT | L80: 2 | M80: 87.5 | N80: 175
A81: 450-coentro mp | B81: KG | C81: 1.9 | D81: 1.55 | E81: =TabelaFrecheirinha[[#This Row],[Qtde]]*TabelaFrecheirinha[[#This Row],[Vl. Unitário]] -> 2.945 | F81: =VLOOKUP(TabelaFrecheirinha[[#This Row],[Código+Produto]],Base!A:C,3,0) -> coentro mp | G81: =VLOOKUP(A81,Base!A:D,4,0) -> HORTIFRUTI | I81: WHISKIES | J81: whisky black white mp | K81: LT | L81: 1 | M81: 64.67 | N81: 64.67
A82: 450-coentro mp | B82: KG | C82: 1.8 | D82: 1.55 | E82: =TabelaFrecheirinha[[#This Row],[Qtde]]*TabelaFrecheirinha[[#This Row],[Vl. Unitário]] -> 2.79 | F82: =VLOOKUP(TabelaFrecheirinha[[#This Row],[Código+Produto]],Base!A:C,3,0) -> coentro mp | G82: =VLOOKUP(A82,Base!A:D,4,0) -> HORTIFRUTI
A83: 450-coentro mp | B83: KG | C83: 1.4 | D83: 1.55 | E83: =TabelaFrecheirinha[[#This Row],[Qtde]]*TabelaFrecheirinha[[#This Row],[Vl. Unitário]] -> 2.17 | F83: =VLOOKUP(TabelaFrecheirinha[[#This Row],[Código+Produto]],Base!A:C,3,0) -> coentro mp | G83: =VLOOKUP(A83,Base!A:D,4,0) -> HORTIFRUTI | I83: APERITIVAS | J83: aperitivo campari mp | K83: LT | L83: 5 | M83: 58.3333 | N83: 291.6665
A84: 450-coentro mp | B84: KG | C84: 1.65 | D84: 1.55 | E84: =TabelaFrecheirinha[[#This Row],[Qtde]]*TabelaFrecheirinha[[#This Row],[Vl. Unitário]] -> 2.5575 | F84: =VLOOKUP(TabelaFrecheirinha[[#This Row],[Código+Produto]],Base!A:C,3,0) -> coentro mp | G84: =VLOOKUP(A84,Base!A:D,4,0) -> HORTIFRUTI | I84: APERITIVAS | J84: aperitivo campari mp | K84: 998ML | L84: 2 | M84: 58.2166 | N84: 116.4332
A85: 450-coentro mp | B85: KG | C85: 1.1 | D85: 1.55 | E85: =TabelaFrecheirinha[[#This Row],[Qtde]]*TabelaFrecheirinha[[#This Row],[Vl. Unitário]] -> 1.705 | F85: =VLOOKUP(TabelaFrecheirinha[[#This Row],[Código+Produto]],Base!A:C,3,0) -> coentro mp | G85: =VLOOKUP(A85,Base!A:D,4,0) -> HORTIFRUTI
A86: 450-coentro mp | B86: KG | C86: 0.9 | D86: 1.55 | E86: =TabelaFrecheirinha[[#This Row],[Qtde]]*TabelaFrecheirinha[[#This Row],[Vl. Unitário]] -> 1.395 | F86: =VLOOKUP(TabelaFrecheirinha[[#This Row],[Código+Produto]],Base!A:C,3,0) -> coentro mp | G86: =VLOOKUP(A86,Base!A:D,4,0) -> HORTIFRUTI | I86: CAFES | J86: cafe em po mp | K86: 250G | L86: 15 | M86: 11.163 | N86: 167.445
A87: 450-coentro mp | B87: KG | C87: 2.7 | D87: 1.55 | E87: =TabelaFrecheirinha[[#This Row],[Qtde]]*TabelaFrecheirinha[[#This Row],[Vl. Unitário]] -> 4.185 | F87: =VLOOKUP(TabelaFrecheirinha[[#This Row],[Código+Produto]],Base!A:C,3,0) -> coentro mp | G87: =VLOOKUP(A87,Base!A:D,4,0) -> HORTIFRUTI
A88: 450-coentro mp | B88: KG | C88: 1.35 | D88: 1.55 | E88: =TabelaFrecheirinha[[#This Row],[Qtde]]*TabelaFrecheirinha[[#This Row],[Vl. Unitário]] -> 2.0925 | F88: =VLOOKUP(TabelaFrecheirinha[[#This Row],[Código+Produto]],Base!A:C,3,0) -> coentro mp | G88: =VLOOKUP(A88,Base!A:D,4,0) -> HORTIFRUTI | I88: PUDINS | J88: PUDIM DE LEITE CONDENSADO | K88: UN | L88: 12 | M88: 9 | N88: 108
A89: 453-pimentao mp | B89: KG | C89: 4 | D89: 2.5 | E89: =TabelaFrecheirinha[[#This Row],[Qtde]]*TabelaFrecheirinha[[#This Row],[Vl. Unitário]] -> 10 | F89: =VLOOKUP(TabelaFrecheirinha[[#This Row],[Código+Produto]],Base!A:C,3,0) -> pimentao mp | G89: =VLOOKUP(A89,Base!A:D,4,0) -> HORTIFRUTI
A90: 453-pimentao mp | B90: KG | C90: 3.35 | D90: 2.5 | E90: =TabelaFrecheirinha[[#This Row],[Qtde]]*TabelaFrecheirinha[[#This Row],[Vl. Unitário]] -> 8.375 | F90: =VLOOKUP(TabelaFrecheirinha[[#This Row],[Código+Produto]],Base!A:C,3,0) -> pimentao mp | G90: =VLOOKUP(A90,Base!A:D,4,0) -> HORTIFRUTI | I90: VODKAS | J90: vodka smirnoff mp | K90: LT | L90: 3 | M90: 35.5 | N90: 106.5
A91: 453-pimentao mp | B91: KG | C91: 5.7 | D91: 2.5 | E91: =TabelaFrecheirinha[[#This Row],[Qtde]]*TabelaFrecheirinha[[#This Row],[Vl. Unitário]] -> 14.25 | F91: =VLOOKUP(TabelaFrecheirinha[[#This Row],[Código+Produto]],Base!A:C,3,0) -> pimentao mp | G91: =VLOOKUP(A91,Base!A:D,4,0) -> HORTIFRUTI
A92: 453-pimentao mp | B92: KG | C92: 4 | D92: 2.5 | E92: =TabelaFrecheirinha[[#This Row],[Qtde]]*TabelaFrecheirinha[[#This Row],[Vl. Unitário]] -> 10 | F92: =VLOOKUP(TabelaFrecheirinha[[#This Row],[Código+Produto]],Base!A:C,3,0) -> pimentao mp | G92: =VLOOKUP(A92,Base!A:D,4,0) -> HORTIFRUTI | I92: CACHACAS | J92: cachaca ypioca empalhada mp | K92: 965ML | L92: 1 | M92: 37.3166 | N92: 37.3166
A93: 453-pimentao mp | B93: KG | C93: 5.8 | D93: 2.5 | E93: =TabelaFrecheirinha[[#This Row],[Qtde]]*TabelaFrecheirinha[[#This Row],[Vl. Unitário]] -> 14.5 | F93: =VLOOKUP(TabelaFrecheirinha[[#This Row],[Código+Produto]],Base!A:C,3,0) -> pimentao mp | G93: =VLOOKUP(A93,Base!A:D,4,0) -> HORTIFRUTI | I93: CACHACAS | J93: cachaca ypioca ouro mp | K93: 965ML | L93: 2 | M93: 16.405 | N93: 32.81
A94: 453-pimentao mp | B94: KG | C94: 4.2 | D94: 2.5 | E94: =TabelaFrecheirinha[[#This Row],[Qtde]]*TabelaFrecheirinha[[#This Row],[Vl. Unitário]] -> 10.5 | F94: =VLOOKUP(TabelaFrecheirinha[[#This Row],[Código+Produto]],Base!A:C,3,0) -> pimentao mp | G94: =VLOOKUP(A94,Base!A:D,4,0) -> HORTIFRUTI
A95: 454-tomate mp | B95: KG | C95: 23 | D95: 7 | E95: =TabelaFrecheirinha[[#This Row],[Qtde]]*TabelaFrecheirinha[[#This Row],[Vl. Unitário]] -> 161 | F95: =VLOOKUP(TabelaFrecheirinha[[#This Row],[Código+Produto]],Base!A:C,3,0) -> tomate mp | G95: =VLOOKUP(A95,Base!A:D,4,0) -> HORTIFRUTI | I95: MATERIAIS DE LIMPEZA | J95: detergente liquido | K95: 500ML | L95: 24 | M95: 2.06 | N95: 49.44
A96: 454-tomate mp | B96: KG | C96: 26 | D96: 7 | E96: =TabelaFrecheirinha[[#This Row],[Qtde]]*TabelaFrecheirinha[[#This Row],[Vl. Unitário]] -> 182 | F96: =VLOOKUP(TabelaFrecheirinha[[#This Row],[Código+Produto]],Base!A:C,3,0) -> tomate mp | G96: =VLOOKUP(A96,Base!A:D,4,0) -> HORTIFRUTI | I96: MATERIAIS DE LIMPEZA | J96: agua sanitaria | K96: LT | L96: 12 | M96: 1.54 | N96: 18.48
A97: 454-tomate mp | B97: KG | C97: 27.25 | D97: 7 | E97: =TabelaFrecheirinha[[#This Row],[Qtde]]*TabelaFrecheirinha[[#This Row],[Vl. Unitário]] -> 190.75 | F97: =VLOOKUP(TabelaFrecheirinha[[#This Row],[Código+Produto]],Base!A:C,3,0) -> tomate mp | G97: =VLOOKUP(A97,Base!A:D,4,0) -> HORTIFRUTI
A98: 454-tomate mp | B98: KG | C98: 25 | D98: 7 | E98: =TabelaFrecheirinha[[#This Row],[Qtde]]*TabelaFrecheirinha[[#This Row],[Vl. Unitário]] -> 175 | F98: =VLOOKUP(TabelaFrecheirinha[[#This Row],[Código+Produto]],Base!A:C,3,0) -> tomate mp | G98: =VLOOKUP(A98,Base!A:D,4,0) -> HORTIFRUTI | I98: TEMPEROS E CORANTES | J98: amaciante de carne mp | K98: KG | L98: 2.2 | M98: 30.1227 | N98: 66.26994
A99: 454-tomate mp | B99: KG | C99: 25 | D99: 7 | E99: =TabelaFrecheirinha[[#This Row],[Qtde]]*TabelaFrecheirinha[[#This Row],[Vl. Unitário]] -> 175 | F99: =VLOOKUP(TabelaFrecheirinha[[#This Row],[Código+Produto]],Base!A:C,3,0) -> tomate mp | G99: =VLOOKUP(A99,Base!A:D,4,0) -> HORTIFRUTI
A100: 454-tomate mp | B100: KG | C100: 5 | D100: 7 | E100: =TabelaFrecheirinha[[#This Row],[Qtde]]*TabelaFrecheirinha[[#This Row],[Vl. Unitário]] -> 35 | F100: =VLOOKUP(TabelaFrecheirinha[[#This Row],[Código+Produto]],Base!A:C,3,0) -> tomate mp | G100: =VLOOKUP(A100,Base!A:D,4,0) -> HORTIFRUTI | I100: VINHOS | J100: vinho pergola mp | K100: LT | L100: 2 | M100: 22.08 | N100: 44.16
A101: 454-tomate mp | B101: KG | C101: 26.25 | D101: 7 | E101: =TabelaFrecheirinha[[#This Row],[Qtde]]*TabelaFrecheirinha[[#This Row],[Vl. Unitário]] -> 183.75 | F101: =VLOOKUP(TabelaFrecheirinha[[#This Row],[Código+Produto]],Base!A:C,3,0) -> tomate mp | G101: =VLOOKUP(A101,Base!A:D,4,0) -> HORTIFRUTI
A102: 454-tomate mp | B102: KG | C102: 9.25 | D102: 7 | E102: =TabelaFrecheirinha[[#This Row],[Qtde]]*TabelaFrecheirinha[[#This Row],[Vl. Unitário]] -> 64.75 | F102: =VLOOKUP(TabelaFrecheirinha[[#This Row],[Código+Produto]],Base!A:C,3,0) -> tomate mp | G102: =VLOOKUP(A102,Base!A:D,4,0) -> HORTIFRUTI
A103: 454-tomate mp | B103: KG | C103: 25.2 | D103: 7 | E103: =TabelaFrecheirinha[[#This Row],[Qtde]]*TabelaFrecheirinha[[#This Row],[Vl. Unitário]] -> 176.4 | F103: =VLOOKUP(TabelaFrecheirinha[[#This Row],[Código+Produto]],Base!A:C,3,0) -> tomate mp | G103: =VLOOKUP(A103,Base!A:D,4,0) -> HORTIFRUTI
...

Sheet Tianguá
A1: Relatório BackOffice - Central > Movimentação > Transferências > Transferências externas por loja Selecionar a loja e exportar como Xlsx Dados Arquivo | I1: Transferências - Tianguá (Maio/2026) | M1: Total
M3: =SUM(N6:N1048576) -> 40751.125 | P3: 35497.706
A5: Código+Produto | B5: UN | C5: Qtde | D5: Vl. Unitário | E5: Vl. Total | F5: Produto | G5: Grupo | I5: Grupo | J5: Produto | K5: UN | L5: Quantidade | M5: Valor Unitário | N5: Valor Total
A6: 1097-lula mp | B6: KG | C6: 1.4 | D6: 15 | E6: =TabelaTianguá[[#This Row],[Qtde]]*TabelaTianguá[[#This Row],[Vl. Unitário]] -> 21 | F6: =VLOOKUP(TabelaTianguá[[#This Row],[Código+Produto]],Base!A:C,3,0) -> #N/A | G6: =VLOOKUP(A6,Base!A:D,4,0) -> #N/A | I6: CARNES BOVINAS | J6: contra file mp | K6: KG | L6: 246.138 | M6: 41.200667 | N6: 10129.948
A7: 1099-peixe pargo mp | B7: KG | C7: 6 | D7: 20 | E7: =TabelaTianguá[[#This Row],[Qtde]]*TabelaTianguá[[#This Row],[Vl. Unitário]] -> 120 | F7: =VLOOKUP(TabelaTianguá[[#This Row],[Código+Produto]],Base!A:C,3,0) -> #N/A | G7: =VLOOKUP(A7,Base!A:D,4,0) -> #N/A | I7: CARNES BOVINAS | J7: picanha importada mp | K7: KG | L7: 57.25 | M7: 93.175573 | N7: 5336.7209
A8: 296-PUDIM DE LEITE CONDENSADO | B8: UN | C8: 10 | D8: 8 | E8: =TabelaTianguá[[#This Row],[Qtde]]*TabelaTianguá[[#This Row],[Vl. Unitário]] -> 80 | F8: =VLOOKUP(TabelaTianguá[[#This Row],[Código+Produto]],Base!A:C,3,0) -> PUDIM DE LEITE CONDENSADO | G8: =VLOOKUP(A8,Base!A:D,4,0) -> PUDINS | I8: CARNES BOVINAS | J8: file mignon mp | K8: KG | L8: 46.35 | M8: 64.996436 | N8: 3012.6344
A9: 296-PUDIM DE LEITE CONDENSADO | B9: UN | C9: 3 | D9: 9 | E9: =TabelaTianguá[[#This Row],[Qtde]]*TabelaTianguá[[#This Row],[Vl. Unitário]] -> 27 | F9: =VLOOKUP(TabelaTianguá[[#This Row],[Código+Produto]],Base!A:C,3,0) -> PUDIM DE LEITE CONDENSADO | G9: =VLOOKUP(A9,Base!A:D,4,0) -> PUDINS | I9: CARNES BOVINAS | J9: carne de sol mp | K9: KG | L9: 7.65 | M9: 46.9067 | N9: 358.83625
A10: 296-PUDIM DE LEITE CONDENSADO | B10: UN | C10: 12 | D10: 9 | E10: =TabelaTianguá[[#This Row],[Qtde]]*TabelaTianguá[[#This Row],[Vl. Unitário]] -> 108 | F10: =VLOOKUP(TabelaTianguá[[#This Row],[Código+Produto]],Base!A:C,3,0) -> PUDIM DE LEITE CONDENSADO | G10: =VLOOKUP(A10,Base!A:D,4,0) -> PUDINS
A11: 296-PUDIM DE LEITE CONDENSADO | B11: UN | C11: 12 | D11: 9 | E11: =TabelaTianguá[[#This Row],[Qtde]]*TabelaTianguá[[#This Row],[Vl. Unitário]] -> 108 | F11: =VLOOKUP(TabelaTianguá[[#This Row],[Código+Produto]],Base!A:C,3,0) -> PUDIM DE LEITE CONDENSADO | G11: =VLOOKUP(A11,Base!A:D,4,0) -> PUDINS | I11: PEIXES E FRUTOS DO MAR | J11: tilapia limpa mp | K11: KG | L11: 107.77 | M11: 17 | N11: 1832.09
A12: 429-carne de sol mp | B12: KG | C12: 2.35 | D12: 46.9067 | E12: =TabelaTianguá[[#This Row],[Qtde]]*TabelaTianguá[[#This Row],[Vl. Unitário]] -> 110.23074 | F12: =VLOOKUP(TabelaTianguá[[#This Row],[Código+Produto]],Base!A:C,3,0) -> carne de sol mp | G12: =VLOOKUP(A12,Base!A:D,4,0) -> CARNES BOVINAS | I12: PEIXES E FRUTOS DO MAR | J12: camarao mp | K12: KG | L12: 46.45 | M12: 32.833333 | N12: 1524.65
A13: 429-carne de sol mp | B13: KG | C13: 1.15 | D13: 46.9067 | E13: =TabelaTianguá[[#This Row],[Qtde]]*TabelaTianguá[[#This Row],[Vl. Unitário]] -> 53.942705 | F13: =VLOOKUP(TabelaTianguá[[#This Row],[Código+Produto]],Base!A:C,3,0) -> carne de sol mp | G13: =VLOOKUP(A13,Base!A:D,4,0) -> CARNES BOVINAS | I13: PEIXES E FRUTOS DO MAR | J13: salmao mp | K13: KG | L13: 6 | M13: 62.9 | N13: 377.4
A14: 429-carne de sol mp | B14: KG | C14: 0.9 | D14: 46.9067 | E14: =TabelaTianguá[[#This Row],[Qtde]]*TabelaTianguá[[#This Row],[Vl. Unitário]] -> 42.21603 | F14: =VLOOKUP(TabelaTianguá[[#This Row],[Código+Produto]],Base!A:C,3,0) -> carne de sol mp | G14: =VLOOKUP(A14,Base!A:D,4,0) -> CARNES BOVINAS
A15: 429-carne de sol mp | B15: KG | C15: 1.95 | D15: 46.9067 | E15: =TabelaTianguá[[#This Row],[Qtde]]*TabelaTianguá[[#This Row],[Vl. Unitário]] -> 91.468065 | F15: =VLOOKUP(TabelaTianguá[[#This Row],[Código+Produto]],Base!A:C,3,0) -> carne de sol mp | G15: =VLOOKUP(A15,Base!A:D,4,0) -> CARNES BOVINAS | I15: FRANGOS E DERIVADOS | J15: file de peito de frango mp | K15: KG | L15: 153.5 | M15: 17.6551 | N15: 2691.36
A16: 429-carne de sol mp | B16: KG | C16: 1.3 | D16: 46.9067 | E16: =TabelaTianguá[[#This Row],[Qtde]]*TabelaTianguá[[#This Row],[Vl. Unitário]] -> 60.97871 | F16: =VLOOKUP(TabelaTianguá[[#This Row],[Código+Produto]],Base!A:C,3,0) -> carne de sol mp | G16: =VLOOKUP(A16,Base!A:D,4,0) -> CARNES BOVINAS | I16: FRANGOS E DERIVADOS | J16: frango inteiro mp | K16: KG | L16: 16.6 | M16: 9.9708 | N16: 165.51528
A17: 430-contra file mp | B17: KG | C17: 16.1 | D17: 42.89 | E17: =TabelaTianguá[[#This Row],[Qtde]]*TabelaTianguá[[#This Row],[Vl. Unitário]] -> 690.529 | F17: =VLOOKUP(TabelaTianguá[[#This Row],[Código+Produto]],Base!A:C,3,0) -> contra file mp | G17: =VLOOKUP(A17,Base!A:D,4,0) -> CARNES BOVINAS | I17: FRANGOS E DERIVADOS | J17: coxa e sobrecoxa mp | K17: KG | L17: 10.8 | M17: 9.08985 | N17: 97.99047
A18: 430-contra file mp | B18: KG | C18: 23.74 | D18: 42.89 | E18: =TabelaTianguá[[#This Row],[Qtde]]*TabelaTianguá[[#This Row],[Vl. Unitário]] -> 1018.2086 | F18: =VLOOKUP(TabelaTianguá[[#This Row],[Código+Produto]],Base!A:C,3,0) -> contra file mp | G18: =VLOOKUP(A18,Base!A:D,4,0) -> CARNES BOVINAS
A19: 430-contra file mp | B19: KG | C19: 9.25 | D19: 42.89 | E19: =TabelaTianguá[[#This Row],[Qtde]]*TabelaTianguá[[#This Row],[Vl. Unitário]] -> 396.7325 | F19: =VLOOKUP(TabelaTianguá[[#This Row],[Código+Produto]],Base!A:C,3,0) -> contra file mp | G19: =VLOOKUP(A19,Base!A:D,4,0) -> CARNES BOVINAS | I19: CONGELADOS | J19: batata pre frita mp | K19: KG | L19: 232 | M19: 12.148147 | N19: 2813.5068
A20: 430-contra file mp | B20: KG | C20: 22.458 | D20: 39 | E20: =TabelaTianguá[[#This Row],[Qtde]]*TabelaTianguá[[#This Row],[Vl. Unitário]] -> 875.862 | F20: =VLOOKUP(TabelaTianguá[[#This Row],[Código+Produto]],Base!A:C,3,0) -> contra file mp | G20: =VLOOKUP(A20,Base!A:D,4,0) -> CARNES BOVINAS
A21: 430-contra file mp | B21: KG | C21: 10.15 | D21: 41.89 | E21: =TabelaTianguá[[#This Row],[Qtde]]*TabelaTianguá[[#This Row],[Vl. Unitário]] -> 425.1835 | F21: =VLOOKUP(TabelaTianguá[[#This Row],[Código+Produto]],Base!A:C,3,0) -> contra file mp | G21: =VLOOKUP(A21,Base!A:D,4,0) -> CARNES BOVINAS | I21: SUINOS E DERIVADOS | J21: bacon mp | K21: KG | L21: 49.73 | M21: 23.675486 | N21: 1182.6167
A22: 430-contra file mp | B22: KG | C22: 23.14 | D22: 41.89 | E22: =TabelaTianguá[[#This Row],[Qtde]]*TabelaTianguá[[#This Row],[Vl. Unitário]] -> 969.3346 | F22: =VLOOKUP(TabelaTianguá[[#This Row],[Código+Produto]],Base!A:C,3,0) -> contra file mp | G22: =VLOOKUP(A22,Base!A:D,4,0) -> CARNES BOVINAS | I22: SUINOS E DERIVADOS | J22: carne suina mp | K22: KG | L22: 62.9 | M22: 16.5701 | N22: 1042.2593
A23: 430-contra file mp | B23: KG | C23: 14.9 | D23: 41.89 | E23: =TabelaTianguá[[#This Row],[Qtde]]*TabelaTianguá[[#This Row],[Vl. Unitário]] -> 624.161 | F23: =VLOOKUP(TabelaTianguá[[#This Row],[Código+Produto]],Base!A:C,3,0) -> contra file mp | G23: =VLOOKUP(A23,Base!A:D,4,0) -> CARNES BOVINAS | I23: SUINOS E DERIVADOS | J23: costela suina mp | K23: KG | L23: 12.7 | M23: 19.51 | N23: 247.777
A24: 430-contra file mp | B24: KG | C24: 14.8 | D24: 41.89 | E24: =TabelaTianguá[[#This Row],[Qtde]]*TabelaTianguá[[#This Row],[Vl. Unitário]] -> 619.972 | F24: =VLOOKUP(TabelaTianguá[[#This Row],[Código+Produto]],Base!A:C,3,0) -> contra file mp | G24: =VLOOKUP(A24,Base!A:D,4,0) -> CARNES BOVINAS
A25: 430-contra file mp | B25: KG | C25: 17 | D25: 41 | E25: =TabelaTianguá[[#This Row],[Qtde]]*TabelaTianguá[[#This Row],[Vl. Unitário]] -> 697 | F25: =VLOOKUP(TabelaTianguá[[#This Row],[Código+Produto]],Base!A:C,3,0) -> contra file mp | G25: =VLOOKUP(A25,Base!A:D,4,0) -> CARNES BOVINAS | I25: LATICINIOS | J25: queijo mussarela mp | K25: KG | L25: 29.24 | M25: 31.19406 | N25: 912.24383
A26: 430-contra file mp | B26: KG | C26: 25.3 | D26: 41 | E26: =TabelaTianguá[[#This Row],[Qtde]]*TabelaTianguá[[#This Row],[Vl. Unitário]] -> 1037.3 | F26: =VLOOKUP(TabelaTianguá[[#This Row],[Código+Produto]],Base!A:C,3,0) -> contra file mp | G26: =VLOOKUP(A26,Base!A:D,4,0) -> CARNES BOVINAS | I26: LATICINIOS | J26: leite mp | K26: LT | L26: 209 | M26: 3.5 | N26: 731.5
A27: 430-contra file mp | B27: KG | C27: 15.4 | D27: 41 | E27: =TabelaTianguá[[#This Row],[Qtde]]*TabelaTianguá[[#This Row],[Vl. Unitário]] -> 631.4 | F27: =VLOOKUP(TabelaTianguá[[#This Row],[Código+Produto]],Base!A:C,3,0) -> contra file mp | G27: =VLOOKUP(A27,Base!A:D,4,0) -> CARNES BOVINAS | I27: LATICINIOS | J27: queijo coalho mp | K27: KG | L27: 20.4 | M27: 22.68945 | N27: 467.18143
A28: 430-contra file mp | B28: KG | C28: 8.4 | D28: 41 | E28: =TabelaTianguá[[#This Row],[Qtde]]*TabelaTianguá[[#This Row],[Vl. Unitário]] -> 344.4 | F28: =VLOOKUP(TabelaTianguá[[#This Row],[Código+Produto]],Base!A:C,3,0) -> contra file mp | G28: =VLOOKUP(A28,Base!A:D,4,0) -> CARNES BOVINAS | I28: LATICINIOS | J28: margarina mp | K28: KG | L28: 14 | M28: 8.31 | N28: 116.34
A29: 430-contra file mp | B29: KG | C29: 11 | D29: 39.89 | E29: =TabelaTianguá[[#This Row],[Qtde]]*TabelaTianguá[[#This Row],[Vl. Unitário]] -> 438.79 | F29: =VLOOKUP(TabelaTianguá[[#This Row],[Código+Produto]],Base!A:C,3,0) -> contra file mp | G29: =VLOOKUP(A29,Base!A:D,4,0) -> CARNES BOVINAS
A30: 430-contra file mp | B30: KG | C30: 17.5 | D30: 39.89 | E30: =TabelaTianguá[[#This Row],[Qtde]]*TabelaTianguá[[#This Row],[Vl. Unitário]] -> 698.075 | F30: =VLOOKUP(TabelaTianguá[[#This Row],[Código+Produto]],Base!A:C,3,0) -> contra file mp | G30: =VLOOKUP(A30,Base!A:D,4,0) -> CARNES BOVINAS | I30: SECOS E MERCEARIA | J30: maionese mp | K30: KG | L30: 50.4 | M30: 10.721633 | N30: 540.37032
A31: 430-contra file mp | B31: KG | C31: 17 | D31: 39 | E31: =TabelaTianguá[[#This Row],[Qtde]]*TabelaTianguá[[#This Row],[Vl. Unitário]] -> 663 | F31: =VLOOKUP(TabelaTianguá[[#This Row],[Código+Produto]],Base!A:C,3,0) -> contra file mp | G31: =VLOOKUP(A31,Base!A:D,4,0) -> CARNES BOVINAS | I31: SECOS E MERCEARIA | J31: feijao branco mp | K31: KG | L31: 50.1 | M31: 6.5 | N31: 325.65
A32: 432-file mignon mp | B32: KG | C32: 5.45 | D32: 65 | E32: =TabelaTianguá[[#This Row],[Qtde]]*TabelaTianguá[[#This Row],[Vl. Unitário]] -> 354.25 | F32: =VLOOKUP(TabelaTianguá[[#This Row],[Código+Produto]],Base!A:C,3,0) -> file mignon mp | G32: =VLOOKUP(A32,Base!A:D,4,0) -> CARNES BOVINAS | I32: SECOS E MERCEARIA | J32: arroz parboilizado mp | K32: KG | L32: 80 | M32: 3.8 | N32: 304.5
A33: 432-file mignon mp | B33: KG | C33: 5.35 | D33: 65 | E33: =TabelaTianguá[[#This Row],[Qtde]]*TabelaTianguá[[#This Row],[Vl. Unitário]] -> 347.75 | F33: =VLOOKUP(TabelaTianguá[[#This Row],[Código+Produto]],Base!A:C,3,0) -> file mignon mp | G33: =VLOOKUP(A33,Base!A:D,4,0) -> CARNES BOVINAS | I33: SECOS E MERCEARIA | J33: creme culinario mp | K33: KG | L33: 8 | M33: 12.634733 | N33: 101.9884
A34: 432-file mignon mp | B34: KG | C34: 11.5 | D34: 65 | E34: =TabelaTianguá[[#This Row],[Qtde]]*TabelaTianguá[[#This Row],[Vl. Unitário]] -> 747.5 | F34: =VLOOKUP(TabelaTianguá[[#This Row],[Código+Produto]],Base!A:C,3,0) -> file mignon mp | G34: =VLOOKUP(A34,Base!A:D,4,0) -> CARNES BOVINAS | I34: SECOS E MERCEARIA | J34: molho de tomate mp | K34: KG | L34: 12.5 | M34: 8 | N34: 100
A35: 432-file mignon mp | B35: KG | C35: 4.1 | D35: 65 | E35: =TabelaTianguá[[#This Row],[Qtde]]*TabelaTianguá[[#This Row],[Vl. Unitário]] -> 266.5 | F35: =VLOOKUP(TabelaTianguá[[#This Row],[Código+Produto]],Base!A:C,3,0) -> file mignon mp | G35: =VLOOKUP(A35,Base!A:D,4,0) -> CARNES BOVINAS | I35: SECOS E MERCEARIA | J35: farinha de rosca mp | K35: KG | L35: 14.15 | M35: 7 | N35: 99.05
A36: 432-file mignon mp | B36: KG | C36: 5 | D36: 64.9902 | E36: =TabelaTianguá[[#This Row],[Qtde]]*TabelaTianguá[[#This Row],[Vl. Unitário]] -> 324.951 | F36: =VLOOKUP(TabelaTianguá[[#This Row],[Código+Produto]],Base!A:C,3,0) -> file mignon mp | G36: =VLOOKUP(A36,Base!A:D,4,0) -> CARNES BOVINAS | I36: SECOS E MERCEARIA | J36: ketchup mp | K36: KG | L36: 6.8 | M36: 7.0592 | N36: 48.00256
A37: 432-file mignon mp | B37: KG | C37: 2.5 | D37: 64.9902 | E37: =TabelaTianguá[[#This Row],[Qtde]]*TabelaTianguá[[#This Row],[Vl. Unitário]] -> 162.4755 | F37: =VLOOKUP(TabelaTianguá[[#This Row],[Código+Produto]],Base!A:C,3,0) -> file mignon mp | G37: =VLOOKUP(A37,Base!A:D,4,0) -> CARNES BOVINAS | I37: SECOS E MERCEARIA | J37: macarrao espaguete mp | K37: 400G | L37: 14 | M37: 2.99 | N37: 41.86
A38: 432-file mignon mp | B38: KG | C38: 1.65 | D38: 64.9902 | E38: =TabelaTianguá[[#This Row],[Qtde]]*TabelaTianguá[[#This Row],[Vl. Unitário]] -> 107.23383 | F38: =VLOOKUP(TabelaTianguá[[#This Row],[Código+Produto]],Base!A:C,3,0) -> file mignon mp | G38: =VLOOKUP(A38,Base!A:D,4,0) -> CARNES BOVINAS | I38: SECOS E MERCEARIA | J38: arroz branco mp | K38: KG | L38: 9 | M38: 4.57 | N38: 41.13
A39: 432-file mignon mp | B39: KG | C39: 2.65 | D39: 64.9902 | E39: =TabelaTianguá[[#This Row],[Qtde]]*TabelaTianguá[[#This Row],[Vl. Unitário]] -> 172.22403 | F39: =VLOOKUP(TabelaTianguá[[#This Row],[Código+Produto]],Base!A:C,3,0) -> file mignon mp | G39: =VLOOKUP(A39,Base!A:D,4,0) -> CARNES BOVINAS | I39: SECOS E MERCEARIA | J39: vinagre mp | K39: 500ML | L39: 12 | M39: 1.46 | N39: 17.52
A40: 432-file mignon mp | B40: KG | C40: 2.7 | D40: 65 | E40: =TabelaTianguá[[#This Row],[Qtde]]*TabelaTianguá[[#This Row],[Vl. Unitário]] -> 175.5 | F40: =VLOOKUP(TabelaTianguá[[#This Row],[Código+Produto]],Base!A:C,3,0) -> file mignon mp | G40: =VLOOKUP(A40,Base!A:D,4,0) -> CARNES BOVINAS | I40: SECOS E MERCEARIA | J40: acucar mp | K40: KG | L40: 5 | M40: 3 | N40: 15
A41: 432-file mignon mp | B41: KG | C41: 2.3 | D41: 65 | E41: =TabelaTianguá[[#This Row],[Qtde]]*TabelaTianguá[[#This Row],[Vl. Unitário]] -> 149.5 | F41: =VLOOKUP(TabelaTianguá[[#This Row],[Código+Produto]],Base!A:C,3,0) -> file mignon mp | G41: =VLOOKUP(A41,Base!A:D,4,0) -> CARNES BOVINAS
A42: 432-file mignon mp | B42: KG | C42: 3.15 | D42: 65 | E42: =TabelaTianguá[[#This Row],[Qtde]]*TabelaTianguá[[#This Row],[Vl. Unitário]] -> 204.75 | F42: =VLOOKUP(TabelaTianguá[[#This Row],[Código+Produto]],Base!A:C,3,0) -> file mignon mp | G42: =VLOOKUP(A42,Base!A:D,4,0) -> CARNES BOVINAS | I42: EMBUTIDOS | J42: linguica suina mp | K42: KG | L42: 70 | M42: 17.624 | N42: 1239.25
A43: 434-picanha importada mp | B43: KG | C43: 2 | D43: 92.1704 | E43: =TabelaTianguá[[#This Row],[Qtde]]*TabelaTianguá[[#This Row],[Vl. Unitário]] -> 184.3408 | F43: =VLOOKUP(TabelaTianguá[[#This Row],[Código+Produto]],Base!A:C,3,0) -> picanha importada mp | G43: =VLOOKUP(A43,Base!A:D,4,0) -> CARNES BOVINAS | I43: EMBUTIDOS | J43: linguica calabresa mp | K43: KG | L43: 8.45 | M43: 22.483333 | N43: 186.993
A44: 434-picanha importada mp | B44: KG | C44: 5.15 | D44: 92.1704 | E44: =TabelaTianguá[[#This Row],[Qtde]]*TabelaTianguá[[#This Row],[Vl. Unitário]] -> 474.67756 | F44: =VLOOKUP(TabelaTianguá[[#This Row],[Código+Produto]],Base!A:C,3,0) -> picanha importada mp | G44: =VLOOKUP(A44,Base!A:D,4,0) -> CARNES BOVINAS | I44: EMBUTIDOS | J44: lanche apresuntado mp | K44: KG | L44: 10 | M44: 7.09 | N44: 70.9
A45: 434-picanha importada mp | B45: KG | C45: 4.2 | D45: 92.1704 | E45: =TabelaTianguá[[#This Row],[Qtde]]*TabelaTianguá[[#This Row],[Vl. Unitário]] -> 387.11568 | F45: =VLOOKUP(TabelaTianguá[[#This Row],[Código+Produto]],Base!A:C,3,0) -> picanha importada mp | G45: =VLOOKUP(A45,Base!A:D,4,0) -> CARNES BOVINAS
A46: 434-picanha importada mp | B46: KG | C46: 9.45 | D46: 92.168 | E46: =TabelaTianguá[[#This Row],[Qtde]]*TabelaTianguá[[#This Row],[Vl. Unitário]] -> 870.9876 | F46: =VLOOKUP(TabelaTianguá[[#This Row],[Código+Produto]],Base!A:C,3,0) -> picanha importada mp | G46: =VLOOKUP(A46,Base!A:D,4,0) -> CARNES BOVINAS | I46: HORTIFRUTI | J46: tomate mp | K46: KG | L46: 109.7 | M46: 7 | N46: 767.9
A47: 434-picanha importada mp | B47: KG | C47: 4.45 | D47: 92.168 | E47: =TabelaTianguá[[#This Row],[Qtde]]*TabelaTianguá[[#This Row],[Vl. Unitário]] -> 410.1476 | F47: =VLOOKUP(TabelaTianguá[[#This Row],[Código+Produto]],Base!A:C,3,0) -> picanha importada mp | G47: =VLOOKUP(A47,Base!A:D,4,0) -> CARNES BOVINAS | I47: HORTIFRUTI | J47: limao mp | K47: KG | L47: 37.43 | M47: 4 | N47: 149.72
A48: 434-picanha importada mp | B48: KG | C48: 9.35 | D48: 96.0489 | E48: =TabelaTianguá[[#This Row],[Qtde]]*TabelaTianguá[[#This Row],[Vl. Unitário]] -> 898.05722 | F48: =VLOOKUP(TabelaTianguá[[#This Row],[Código+Produto]],Base!A:C,3,0) -> picanha importada mp | G48: =VLOOKUP(A48,Base!A:D,4,0) -> CARNES BOVINAS | I48: HORTIFRUTI | J48: pimentao mp | K48: KG | L48: 41.05 | M48: 2.9166667 | N48: 121.5
A49: 434-picanha importada mp | B49: KG | C49: 1.3 | D49: 96.0489 | E49: =TabelaTianguá[[#This Row],[Qtde]]*TabelaTianguá[[#This Row],[Vl. Unitário]] -> 124.86357 | F49: =VLOOKUP(TabelaTianguá[[#This Row],[Código+Produto]],Base!A:C,3,0) -> picanha importada mp | G49: =VLOOKUP(A49,Base!A:D,4,0) -> CARNES BOVINAS | I49: HORTIFRUTI | J49: cenoura mp | K49: KG | L49: 29.4 | M49: 2.5 | N49: 73.5
A50: 434-picanha importada mp | B50: KG | C50: 3.8 | D50: 92.168 | E50: =TabelaTianguá[[#This Row],[Qtde]]*TabelaTianguá[[#This Row],[Vl. Unitário]] -> 350.2384 | F50: =VLOOKUP(TabelaTianguá[[#This Row],[Código+Produto]],Base!A:C,3,0) -> picanha importada mp | G50: =VLOOKUP(A50,Base!A:D,4,0) -> CARNES BOVINAS | I50: HORTIFRUTI | J50: abacaxi mp | K50: UN | L50: 18.13 | M50: 3.6111 | N50: 65.469243
A51: 434-picanha importada mp | B51: KG | C51: 6.7 | D51: 93.3642 | E51: =TabelaTianguá[[#This Row],[Qtde]]*TabelaTianguá[[#This Row],[Vl. Unitário]] -> 625.54014 | F51: =VLOOKUP(TabelaTianguá[[#This Row],[Código+Produto]],Base!A:C,3,0) -> picanha importada mp | G51: =VLOOKUP(A51,Base!A:D,4,0) -> CARNES BOVINAS | I51: HORTIFRUTI | J51: batata inglesa mp | K51: KG | L51: 23.35 | M51: 2.7083 | N51: 63.238805
A52: 434-picanha importada mp | B52: KG | C52: 2.65 | D52: 93.3642 | E52: =TabelaTianguá[[#This Row],[Qtde]]*TabelaTianguá[[#This Row],[Vl. Unitário]] -> 247.41513 | F52: =VLOOKUP(TabelaTianguá[[#This Row],[Código+Produto]],Base!A:C,3,0) -> picanha importada mp | G52: =VLOOKUP(A52,Base!A:D,4,0) -> CARNES BOVINAS | I52: HORTIFRUTI | J52: brocolis mp | K52: KG | L52: 5.4 | M52: 6.2868 | N52: 33.94872
A53: 434-picanha importada mp | B53: KG | C53: 8.2 | D53: 93.0899 | E53: =TabelaTianguá[[#This Row],[Qtde]]*TabelaTianguá[[#This Row],[Vl. Unitário]] -> 763.33718 | F53: =VLOOKUP(TabelaTianguá[[#This Row],[Código+Produto]],Base!A:C,3,0) -> picanha importada mp | G53: =VLOOKUP(A53,Base!A:D,4,0) -> CARNES BOVINAS | I53: HORTIFRUTI | J53: cebola branca mp | K53: KG | L53: 18 | M53: 1.7 | N53: 30.6
A54: 436-batata pre frita mp | B54: KG | C54: 12 | D54: 12.9543 | E54: =TabelaTianguá[[#This Row],[Qtde]]*TabelaTianguá[[#This Row],[Vl. Unitário]] -> 155.4516 | F54: =VLOOKUP(TabelaTianguá[[#This Row],[Código+Produto]],Base!A:C,3,0) -> batata pre frita mp | G54: =VLOOKUP(A54,Base!A:D,4,0) -> CONGELADOS | I54: HORTIFRUTI | J54: alho mp | K54: KG | L54: 3.4 | M54: 8 | N54: 27.2
A55: 436-batata pre frita mp | B55: KG | C55: 12 | D55: 12.9543 | E55: =TabelaTianguá[[#This Row],[Qtde]]*TabelaTianguá[[#This Row],[Vl. Unitário]] -> 155.4516 | F55: =VLOOKUP(TabelaTianguá[[#This Row],[Código+Produto]],Base!A:C,3,0) -> batata pre frita mp | G55: =VLOOKUP(A55,Base!A:D,4,0) -> CONGELADOS | I55: HORTIFRUTI | J55: coentro mp | K55: KG | L55: 16.12 | M55: 1.55 | N55: 24.986
A56: 436-batata pre frita mp | B56: KG | C56: 12 | D56: 12.9539 | E56: =TabelaTianguá[[#This Row],[Qtde]]*TabelaTianguá[[#This Row],[Vl. Unitário]] -> 155.4468 | F56: =VLOOKUP(TabelaTianguá[[#This Row],[Código+Produto]],Base!A:C,3,0) -> batata pre frita mp | G56: =VLOOKUP(A56,Base!A:D,4,0) -> CONGELADOS | I56: HORTIFRUTI | J56: alface mp | K56: KG | L56: 15.55 | M56: 0.75 | N56: 11.6625
A57: 436-batata pre frita mp | B57: KG | C57: 24 | D57: 12.9539 | E57: =TabelaTianguá[[#This Row],[Qtde]]*TabelaTianguá[[#This Row],[Vl. Unitário]] -> 310.8936 | F57: =VLOOKUP(TabelaTianguá[[#This Row],[Código+Produto]],Base!A:C,3,0) -> batata pre frita mp | G57: =VLOOKUP(A57,Base!A:D,4,0) -> CONGELADOS | I57: HORTIFRUTI | J57: aipim mp | K57: KG | L57: 2.85 | M57: 3.7838 | N57: 10.78383
A58: 436-batata pre frita mp | B58: KG | C58: 12 | D58: 12.9539 | E58: =TabelaTianguá[[#This Row],[Qtde]]*TabelaTianguá[[#This Row],[Vl. Unitário]] -> 155.4468 | F58: =VLOOKUP(TabelaTianguá[[#This Row],[Código+Produto]],Base!A:C,3,0) -> batata pre frita mp | G58: =VLOOKUP(A58,Base!A:D,4,0) -> CONGELADOS
A59: 436-batata pre frita mp | B59: KG | C59: 12 | D59: 12.9539 | E59: =TabelaTianguá[[#This Row],[Qtde]]*TabelaTianguá[[#This Row],[Vl. Unitário]] -> 155.4468 | F59: =VLOOKUP(TabelaTianguá[[#This Row],[Código+Produto]],Base!A:C,3,0) -> batata pre frita mp | G59: =VLOOKUP(A59,Base!A:D,4,0) -> CONGELADOS | I59: PRE PREPARO COZINHA | J59: prep molho vermelho | K59: LT | L59: 97 | M59: 6.5579429 | N59: 639.1788
A60: 436-batata pre frita mp | B60: KG | C60: 24 | D60: 10.5965 | E60: =TabelaTianguá[[#This Row],[Qtde]]*TabelaTianguá[[#This Row],[Vl. Unitário]] -> 254.316 | F60: =VLOOKUP(TabelaTianguá[[#This Row],[Código+Produto]],Base!A:C,3,0) -> batata pre frita mp | G60: =VLOOKUP(A60,Base!A:D,4,0) -> CONGELADOS | I60: PRE PREPARO COZINHA | J60: prep farofa | K60: KG | L60: 54.6 | M60: 4.9016 | N60: 267.62736
A61: 436-batata pre frita mp | B61: KG | C61: 12 | D61: 10.5965 | E61: =TabelaTianguá[[#This Row],[Qtde]]*TabelaTianguá[[#This Row],[Vl. Unitário]] -> 127.158 | F61: =VLOOKUP(TabelaTianguá[[#This Row],[Código+Produto]],Base!A:C,3,0) -> batata pre frita mp | G61: =VLOOKUP(A61,Base!A:D,4,0) -> CONGELADOS | I61: PRE PREPARO COZINHA | J61: prep molho madeira | K61: LT | L61: 29 | M61: 6.45958 | N61: 187.3334
A62: 436-batata pre frita mp | B62: KG | C62: 24 | D62: 12.9539 | E62: =TabelaTianguá[[#This Row],[Qtde]]*TabelaTianguá[[#This Row],[Vl. Unitário]] -> 310.8936 | F62: =VLOOKUP(TabelaTianguá[[#This Row],[Código+Produto]],Base!A:C,3,0) -> batata pre frita mp | G62: =VLOOKUP(A62,Base!A:D,4,0) -> CONGELADOS | I62: PRE PREPARO COZINHA | J62: prep aipim limpo e cozido | K62: KG | L62: 11.4 | M62: 5.3333333 | N62: 61.9
A63: 436-batata pre frita mp | B63: KG | C63: 12 | D63: 12.9539 | E63: =TabelaTianguá[[#This Row],[Qtde]]*TabelaTianguá[[#This Row],[Vl. Unitário]] -> 155.4468 | F63: =VLOOKUP(TabelaTianguá[[#This Row],[Código+Produto]],Base!A:C,3,0) -> batata pre frita mp | G63: =VLOOKUP(A63,Base!A:D,4,0) -> CONGELADOS | I63: PRE PREPARO COZINHA | J63: prep oleo de porco | K63: LT | L63: 7.5 | M63: 5.5 | N63: 43
A64: 436-batata pre frita mp | B64: KG | C64: 12 | D64: 10.2 | E64: =TabelaTianguá[[#This Row],[Qtde]]*TabelaTianguá[[#This Row],[Vl. Unitário]] -> 122.4 | F64: =VLOOKUP(TabelaTianguá[[#This Row],[Código+Produto]],Base!A:C,3,0) -> batata pre frita mp | G64: =VLOOKUP(A64,Base!A:D,4,0) -> CONGELADOS | I64: PRE PREPARO COZINHA | J64: prep brocolis limpo e cozido | K64: KG | L64: 4.5 | M64: 9.2658 | N64: 41.6961
A65: 436-batata pre frita mp | B65: KG | C65: 28 | D65: 11.7993 | E65: =TabelaTianguá[[#This Row],[Qtde]]*TabelaTianguá[[#This Row],[Vl. Unitário]] -> 330.3804 | F65: =VLOOKUP(TabelaTianguá[[#This Row],[Código+Produto]],Base!A:C,3,0) -> batata pre frita mp | G65: =VLOOKUP(A65,Base!A:D,4,0) -> CONGELADOS | I65: PRE PREPARO COZINHA | J65: prep massa fettuccine | K65: KG | L65: 7.2 | M65: 3.6436 | N65: 26.17272
A66: 436-batata pre frita mp | B66: KG | C66: 12 | D66: 11.7993 | E66: =TabelaTianguá[[#This Row],[Qtde]]*TabelaTianguá[[#This Row],[Vl. Unitário]] -> 141.5916 | F66: =VLOOKUP(TabelaTianguá[[#This Row],[Código+Produto]],Base!A:C,3,0) -> batata pre frita mp | G66: =VLOOKUP(A66,Base!A:D,4,0) -> CONGELADOS | I66: PRE PREPARO COZINHA | J66: prep cordao file mignon moido | K66: KG | L66: 1.6 | M66: 15 | N66: 24
A67: 436-batata pre frita mp | B67: KG | C67: 12 | D67: 11.7993 | E67: =TabelaTianguá[[#This Row],[Qtde]]*TabelaTianguá[[#This Row],[Vl. Unitário]] -> 141.5916 | F67: =VLOOKUP(TabelaTianguá[[#This Row],[Código+Produto]],Base!A:C,3,0) -> batata pre frita mp | G67: =VLOOKUP(A67,Base!A:D,4,0) -> CONGELADOS | I67: PRE PREPARO COZINHA | J67: prep massa rondelli | K67: KG | L67: 5 | M67: 3.6266 | N67: 18.133
A68: 436-batata pre frita mp | B68: KG | C68: 12 | D68: 11.7993 | E68: =TabelaTianguá[[#This Row],[Qtde]]*TabelaTianguá[[#This Row],[Vl. Unitário]] -> 141.5916 | F68: =VLOOKUP(TabelaTianguá[[#This Row],[Código+Produto]],Base!A:C,3,0) -> batata pre frita mp | G68: =VLOOKUP(A68,Base!A:D,4,0) -> CONGELADOS
A69: 438-cogumelo champignon mp | B69: KG | C69: 3 | D69: 30.8224 | E69: =TabelaTianguá[[#This Row],[Qtde]]*TabelaTianguá[[#This Row],[Vl. Unitário]] -> 92.4672 | F69: =VLOOKUP(TabelaTianguá[[#This Row],[Código+Produto]],Base!A:C,3,0) -> cogumelo champignon mp | G69: =VLOOKUP(A69,Base!A:D,4,0) -> CONSERVAS | I69: PRE PREPARO BAR | J69: prep polpa maracuja com sement | K69: KG | L69: 22 | M69: 25 | N69: 550
A70: 440-lanche apresuntado mp | B70: KG | C70: 5 | D70: 6.99 | E70: =TabelaTianguá[[#This Row],[Qtde]]*TabelaTianguá[[#This Row],[Vl. Unitário]] -> 34.95 | F70: =VLOOKUP(TabelaTianguá[[#This Row],[Código+Produto]],Base!A:C,3,0) -> lanche apresuntado mp | G70: =VLOOKUP(A70,Base!A:D,4,0) -> EMBUTIDOS
A71: 440-lanche apresuntado mp | B71: KG | C71: 5 | D71: 7.19 | E71: =TabelaTianguá[[#This Row],[Qtde]]*TabelaTianguá[[#This Row],[Vl. Unitário]] -> 35.95 | F71: =VLOOKUP(TabelaTianguá[[#This Row],[Código+Produto]],Base!A:C,3,0) -> lanche apresuntado mp | G71: =VLOOKUP(A71,Base!A:D,4,0) -> EMBUTIDOS | I71: PUDINS | J71: PUDIM DE LEITE CONDENSADO | K71: UN | L71: 37 | M71: 8.75 | N71: 323
A72: 441-linguica calabresa mp | B72: KG | C72: 1.35 | D72: 22.94 | E72: =TabelaTianguá[[#This Row],[Qtde]]*TabelaTianguá[[#This Row],[Vl. Unitário]] -> 30.969 | F72: =VLOOKUP(TabelaTianguá[[#This Row],[Código+Produto]],Base!A:C,3,0) -> linguica calabresa mp | G72: =VLOOKUP(A72,Base!A:D,4,0) -> EMBUTIDOS
A73: 441-linguica calabresa mp | B73: KG | C73: 2.1 | D73: 22.94 | E73: =TabelaTianguá[[#This Row],[Qtde]]*TabelaTianguá[[#This Row],[Vl. Unitário]] -> 48.174 | F73: =VLOOKUP(TabelaTianguá[[#This Row],[Código+Produto]],Base!A:C,3,0) -> linguica calabresa mp | G73: =VLOOKUP(A73,Base!A:D,4,0) -> EMBUTIDOS | I73: WHISKIES | J73: whisky red label mp | K73: LT | L73: 1 | M73: 87.5 | N73: 87.5
A74: 441-linguica calabresa mp | B74: KG | C74: 5 | D74: 21.57 | E74: =TabelaTianguá[[#This Row],[Qtde]]*TabelaTianguá[[#This Row],[Vl. Unitário]] -> 107.85 | F74: =VLOOKUP(TabelaTianguá[[#This Row],[Código+Produto]],Base!A:C,3,0) -> linguica calabresa mp | G74: =VLOOKUP(A74,Base!A:D,4,0) -> EMBUTIDOS | I74: WHISKIES | J74: whisky white horse mp | K74: LT | L74: 1 | M74: 73.75 | N74: 73.75
A75: 442-linguica suina mp | B75: KG | C75: 10 | D75: 18.53 | E75: =TabelaTianguá[[#This Row],[Qtde]]*TabelaTianguá[[#This Row],[Vl. Unitário]] -> 185.3 | F75: =VLOOKUP(TabelaTianguá[[#This Row],[Código+Produto]],Base!A:C,3,0) -> linguica suina mp | G75: =VLOOKUP(A75,Base!A:D,4,0) -> EMBUTIDOS | I75: WHISKIES | J75: whisky black white mp | K75: LT | L75: 1 | M75: 64.67 | N75: 64.67
A76: 442-linguica suina mp | B76: KG | C76: 5 | D76: 18.53 | E76: =TabelaTianguá[[#This Row],[Qtde]]*TabelaTianguá[[#This Row],[Vl. Unitário]] -> 92.65 | F76: =VLOOKUP(TabelaTianguá[[#This Row],[Código+Produto]],Base!A:C,3,0) -> linguica suina mp | G76: =VLOOKUP(A76,Base!A:D,4,0) -> EMBUTIDOS
A77: 442-linguica suina mp | B77: KG | C77: 5 | D77: 18.53 | E77: =TabelaTianguá[[#This Row],[Qtde]]*TabelaTianguá[[#This Row],[Vl. Unitário]] -> 92.65 | F77: =VLOOKUP(TabelaTianguá[[#This Row],[Código+Produto]],Base!A:C,3,0) -> linguica suina mp | G77: =VLOOKUP(A77,Base!A:D,4,0) -> EMBUTIDOS | I77: #N/D | J77: #N/D | K77: KG | L77: 7.4 | M77: 17.5 | N77: 141
A78: 442-linguica suina mp | B78: KG | C78: 10 | D78: 18.53 | E78: =TabelaTianguá[[#This Row],[Qtde]]*TabelaTianguá[[#This Row],[Vl. Unitário]] -> 185.3 | F78: =VLOOKUP(TabelaTianguá[[#This Row],[Código+Produto]],Base!A:C,3,0) -> linguica suina mp | G78: =VLOOKUP(A78,Base!A:D,4,0) -> EMBUTIDOS
A79: 442-linguica suina mp | B79: KG | C79: 5 | D79: 16.655 | E79: =TabelaTianguá[[#This Row],[Qtde]]*TabelaTianguá[[#This Row],[Vl. Unitário]] -> 83.275 | F79: =VLOOKUP(TabelaTianguá[[#This Row],[Código+Produto]],Base!A:C,3,0) -> linguica suina mp | G79: =VLOOKUP(A79,Base!A:D,4,0) -> EMBUTIDOS | I79: MATERIAIS DE LIMPEZA | J79: detergente liquido | K79: LT | L79: 24 | M79: 4.12 | N79: 98.88
A80: 442-linguica suina mp | B80: KG | C80: 5 | D80: 17.13 | E80: =TabelaTianguá[[#This Row],[Qtde]]*TabelaTianguá[[#This Row],[Vl. Unitário]] -> 85.65 | F80: =VLOOKUP(TabelaTianguá[[#This Row],[Código+Produto]],Base!A:C,3,0) -> linguica suina mp | G80: =VLOOKUP(A80,Base!A:D,4,0) -> EMBUTIDOS | I80: MATERIAIS DE LIMPEZA | J80: agua sanitaria | K80: LT | L80: 12 | M80: 1.54 | N80: 18.48
A81: 442-linguica suina mp | B81: KG | C81: 10 | D81: 17.13 | E81: =TabelaTianguá[[#This Row],[Qtde]]*TabelaTianguá[[#This Row],[Vl. Unitário]] -> 171.3 | F81: =VLOOKUP(TabelaTianguá[[#This Row],[Código+Produto]],Base!A:C,3,0) -> linguica suina mp | G81: =VLOOKUP(A81,Base!A:D,4,0) -> EMBUTIDOS | I81: MATERIAIS DE LIMPEZA | J81: esponja de lavar louca | K81: UN | L81: 10 | M81: 0.7 | N81: 7
A82: 442-linguica suina mp | B82: KG | C82: 5 | D82: 17.13 | E82: =TabelaTianguá[[#This Row],[Qtde]]*TabelaTianguá[[#This Row],[Vl. Unitário]] -> 85.65 | F82: =VLOOKUP(TabelaTianguá[[#This Row],[Código+Produto]],Base!A:C,3,0) -> linguica suina mp | G82: =VLOOKUP(A82,Base!A:D,4,0) -> EMBUTIDOS
A83: 442-linguica suina mp | B83: KG | C83: 5 | D83: 16.655 | E83: =TabelaTianguá[[#This Row],[Qtde]]*TabelaTianguá[[#This Row],[Vl. Unitário]] -> 83.275 | F83: =VLOOKUP(TabelaTianguá[[#This Row],[Código+Produto]],Base!A:C,3,0) -> linguica suina mp | G83: =VLOOKUP(A83,Base!A:D,4,0) -> EMBUTIDOS | I83: VODKAS | J83: vodka smirnoff mp | K83: LT | L83: 2 | M83: 35.5 | N83: 71
A84: 442-linguica suina mp | B84: KG | C84: 10 | D84: 17.42 | E84: =TabelaTianguá[[#This Row],[Qtde]]*TabelaTianguá[[#This Row],[Vl. Unitário]] -> 174.2 | F84: =VLOOKUP(TabelaTianguá[[#This Row],[Código+Produto]],Base!A:C,3,0) -> linguica suina mp | G84: =VLOOKUP(A84,Base!A:D,4,0) -> EMBUTIDOS | I84: VODKAS | J84: vodka slova mp | K84: 970ML | L84: 2 | M84: 11.3035 | N84: 22.607
A85: 445-coxa e sobrecoxa mp | B85: KG | C85: 5.7 | D85: 8.79 | E85: =TabelaTianguá[[#This Row],[Qtde]]*TabelaTianguá[[#This Row],[Vl. Unitário]] -> 50.103 | F85: =VLOOKUP(TabelaTianguá[[#This Row],[Código+Produto]],Base!A:C,3,0) -> coxa e sobrecoxa mp | G85: =VLOOKUP(A85,Base!A:D,4,0) -> FRANGOS E DERIVADOS
A86: 445-coxa e sobrecoxa mp | B86: KG | C86: 5.1 | D86: 9.3897 | E86: =TabelaTianguá[[#This Row],[Qtde]]*TabelaTianguá[[#This Row],[Vl. Unitário]] -> 47.88747 | F86: =VLOOKUP(TabelaTianguá[[#This Row],[Código+Produto]],Base!A:C,3,0) -> coxa e sobrecoxa mp | G86: =VLOOKUP(A86,Base!A:D,4,0) -> FRANGOS E DERIVADOS | I86: CONSERVAS | J86: cogumelo champignon mp | K86: KG | L86: 3 | M86: 30.8224 | N86: 92.4672
A87: 446-file de peito de frango mp | B87: KG | C87: 15 | D87: 17.415 | E87: =TabelaTianguá[[#This Row],[Qtde]]*TabelaTianguá[[#This Row],[Vl. Unitário]] -> 261.225 | F87: =VLOOKUP(TabelaTianguá[[#This Row],[Código+Produto]],Base!A:C,3,0) -> file de peito de frango mp | G87: =VLOOKUP(A87,Base!A:D,4,0) -> FRANGOS E DERIVADOS
A88: 446-file de peito de frango mp | B88: KG | C88: 15 | D88: 17.415 | E88: =TabelaTianguá[[#This Row],[Qtde]]*TabelaTianguá[[#This Row],[Vl. Unitário]] -> 261.225 | F88: =VLOOKUP(TabelaTianguá[[#This Row],[Código+Produto]],Base!A:C,3,0) -> file de peito de frango mp | G88: =VLOOKUP(A88,Base!A:D,4,0) -> FRANGOS E DERIVADOS | I88: OLEO DE SOJA | J88: oleo de soja | K88: 900ML | L88: 12 | M88: 7.49 | N88: 89.88
A89: 446-file de peito de frango mp | B89: KG | C89: 15 | D89: 17.415 | E89: =TabelaTianguá[[#This Row],[Qtde]]*TabelaTianguá[[#This Row],[Vl. Unitário]] -> 261.225 | F89: =VLOOKUP(TabelaTianguá[[#This Row],[Código+Produto]],Base!A:C,3,0) -> file de peito de frango mp | G89: =VLOOKUP(A89,Base!A:D,4,0) -> FRANGOS E DERIVADOS
A90: 446-file de peito de frango mp | B90: KG | C90: 15 | D90: 17.415 | E90: =TabelaTianguá[[#This Row],[Qtde]]*TabelaTianguá[[#This Row],[Vl. Unitário]] -> 261.225 | F90: =VLOOKUP(TabelaTianguá[[#This Row],[Código+Produto]],Base!A:C,3,0) -> file de peito de frango mp | G90: =VLOOKUP(A90,Base!A:D,4,0) -> FRANGOS E DERIVADOS | I90: VINHOS | J90: vinho o gaucho suave mp | K90: LT | L90: 4 | M90: 16 | N90: 64
A91: 446-file de peito de frango mp | B91: KG | C91: 15 | D91: 17.415 | E91: =TabelaTianguá[[#This Row],[Qtde]]*TabelaTianguá[[#This Row],[Vl. Unitário]] -> 261.225 | F91: =VLOOKUP(TabelaTianguá[[#This Row],[Código+Produto]],Base!A:C,3,0) -> file de peito de frango mp | G91: =VLOOKUP(A91,Base!A:D,4,0) -> FRANGOS E DERIVADOS
A92: 446-file de peito de frango mp | B92: KG | C92: 20 | D92: 16.119 | E92: =TabelaTianguá[[#This Row],[Qtde]]*TabelaTianguá[[#This Row],[Vl. Unitário]] -> 322.38 | F92: =VLOOKUP(TabelaTianguá[[#This Row],[Código+Produto]],Base!A:C,3,0) -> file de peito de frango mp | G92: =VLOOKUP(A92,Base!A:D,4,0) -> FRANGOS E DERIVADOS | I92: CACHACAS | J92: cachaca ypioca ouro mp | K92: LT | L92: 2 | M92: 17 | N92: 34
A93: 446-file de peito de frango mp | B93: KG | C93: 13.5 | D93: 25 | E93: =TabelaTianguá[[#This Row],[Qtde]]*TabelaTianguá[[#This Row],[Vl. Unitário]] -> 337.5 | F93: =VLOOKUP(TabelaTianguá[[#This Row],[Código+Produto]],Base!A:C,3,0) -> file de peito de frango mp | G93: =VLOOKUP(A93,Base!A:D,4,0) -> FRANGOS E DERIVADOS | I93: CACHACAS | J93: cachaca 51 prata mp | K93: LT | L93: 2 | M93: 13.0456 | N93: 26.0912
A94: 446-file de peito de frango mp | B94: KG | C94: 15 | D94: 16.119 | E94: =TabelaTianguá[[#This Row],[Qtde]]*TabelaTianguá[[#This Row],[Vl. Unitário]] -> 241.785 | F94: =VLOOKUP(TabelaTianguá[[#This Row],[Código+Produto]],Base!A:C,3,0) -> file de peito de frango mp | G94: =VLOOKUP(A94,Base!A:D,4,0) -> FRANGOS E DERIVADOS
A95: 446-file de peito de frango mp | B95: KG | C95: 15 | D95: 16.119 | E95: =TabelaTianguá[[#This Row],[Qtde]]*TabelaTianguá[[#This Row],[Vl. Unitário]] -> 241.785 | F95: =VLOOKUP(TabelaTianguá[[#This Row],[Código+Produto]],Base!A:C,3,0) -> file de peito de frango mp | G95: =VLOOKUP(A95,Base!A:D,4,0) -> FRANGOS E DERIVADOS | I95: MOLHOS | J95: molho de pimenta tabasco mp | K95: 60ML | L95: 2 | M95: 22.6562 | N95: 45.3124
A96: 446-file de peito de frango mp | B96: KG | C96: 15 | D96: 16.119 | E96: =TabelaTianguá[[#This Row],[Qtde]]*TabelaTianguá[[#This Row],[Vl. Unitário]] -> 241.785 | F96: =VLOOKUP(TabelaTianguá[[#This Row],[Código+Produto]],Base!A:C,3,0) -> file de peito de frango mp | G96: =VLOOKUP(A96,Base!A:D,4,0) -> FRANGOS E DERIVADOS
A97: 447-frango inteiro mp | B97: KG | C97: 6.6 | D97: 9.9708 | E97: =TabelaTianguá[[#This Row],[Qtde]]*TabelaTianguá[[#This Row],[Vl. Unitário]] -> 65.80728 | F97: =VLOOKUP(TabelaTianguá[[#This Row],[Código+Produto]],Base!A:C,3,0) -> frango inteiro mp | G97: =VLOOKUP(A97,Base!A:D,4,0) -> FRANGOS E DERIVADOS | I97: CAFES | J97: cafe em po mp | K97: 250G | L97: 4 | M97: 11.163 | N97: 44.652
A98: 447-frango inteiro mp | B98: KG | C98: 5.2 | D98: 9.9708 | E98: =TabelaTianguá[[#This Row],[Qtde]]*TabelaTianguá[[#This Row],[Vl. Unitário]] -> 51.84816 | F98: =VLOOKUP(TabelaTianguá[[#This Row],[Código+Produto]],Base!A:C,3,0) -> frango inteiro mp | G98: =VLOOKUP(A98,Base!A:D,4,0) -> FRANGOS E DERIVADOS
A99: 447-frango inteiro mp | B99: KG | C99: 4.8 | D99: 9.9708 | E99: =TabelaTianguá[[#This Row],[Qtde]]*TabelaTianguá[[#This Row],[Vl. Unitário]] -> 47.85984 | F99: =VLOOKUP(TabelaTianguá[[#This Row],[Código+Produto]],Base!A:C,3,0) -> frango inteiro mp | G99: =VLOOKUP(A99,Base!A:D,4,0) -> FRANGOS E DERIVADOS | I99: AZEITES | J99: azeite de oliva mp | K99: 250ML | L99: 2 | M99: 17.25 | N99: 34.5
A100: 450-coentro mp | B100: KG | C100: 0.9 | D100: 1.55 | E100: =TabelaTianguá[[#This Row],[Qtde]]*TabelaTianguá[[#This Row],[Vl. Unitário]] -> 1.395 | F100: =VLOOKUP(TabelaTianguá[[#This Row],[Código+Produto]],Base!A:C,3,0) -> coentro mp | G100: =VLOOKUP(A100,Base!A:D,4,0) -> HORTIFRUTI
A101: 450-coentro mp | B101: KG | C101: 0.75 | D101: 1.55 | E101: =TabelaTianguá[[#This Row],[Qtde]]*TabelaTianguá[[#This Row],[Vl. Unitário]] -> 1.1625 | F101: =VLOOKUP(TabelaTianguá[[#This Row],[Código+Produto]],Base!A:C,3,0) -> coentro mp | G101: =VLOOKUP(A101,Base!A:D,4,0) -> HORTIFRUTI
A102: 450-coentro mp | B102: KG | C102: 2.15 | D102: 1.55 | E102: =TabelaTianguá[[#This Row],[Qtde]]*TabelaTianguá[[#This Row],[Vl. Unitário]] -> 3.3325 | F102: =VLOOKUP(TabelaTianguá[[#This Row],[Código+Produto]],Base!A:C,3,0) -> coentro mp | G102: =VLOOKUP(A102,Base!A:D,4,0) -> HORTIFRUTI
...

Sheet Base
A1: Produto | B1: Código | C1: Descrição | D1: Grupo
A2: =B2&"-"&C2 -> 1-AGUA SEM GAS 500ML | B2: 1 | C2: AGUA SEM GAS 500ML | D2: AGUAS
A3: =B3&"-"&C3 -> 2-AGUA SEM GAS 1,5L | B3: 2 | C3: AGUA SEM GAS 1,5L | D3: AGUAS
A4: =B4&"-"&C4 -> 3-AGUA COM GAS 500ML | B4: 3 | C4: AGUA COM GAS 500ML | D4: AGUAS
A5: =B5&"-"&C5 -> 4-AGUA DE COCO | B5: 4 | C5: AGUA DE COCO | D5: AGUAS
A6: =B6&"-"&C6 -> 5-AGUA TONICA ANTARCTICA 350ML | B6: 5 | C6: AGUA TONICA ANTARCTICA 350ML | D6: AGUAS
A7: =B7&"-"&C7 -> 6-AGUA TONICA SCHWEPPES 350ML | B7: 6 | C7: AGUA TONICA SCHWEPPES 350ML | D7: AGUAS
A8: =B8&"-"&C8 -> 7-SUCO LARANJA 1100ML | B8: 7 | C8: SUCO LARANJA 1100ML | D8: SUCOS NATURAIS
A9: =B9&"-"&C9 -> 8-SUCO LARANJA 750ML | B9: 8 | C9: SUCO LARANJA 750ML | D9: SUCOS NATURAIS
A10: =B10&"-"&C10 -> 9-SUCO LARANJA 350ML | B10: 9 | C10: SUCO LARANJA 350ML | D10: SUCOS NATURAIS
A11: =B11&"-"&C11 -> 10-SUCO ABACAXI 1100ML | B11: 10 | C11: SUCO ABACAXI 1100ML | D11: SUCOS NATURAIS
A12: =B12&"-"&C12 -> 11-SUCO ABACAXI 750ML | B12: 11 | C12: SUCO ABACAXI 750ML | D12: SUCOS NATURAIS
A13: =B13&"-"&C13 -> 12-SUCO ABACAXI 350ML | B13: 12 | C13: SUCO ABACAXI 350ML | D13: SUCOS NATURAIS
... A1015: =B1015&"-"&C1015 -> 1034-CORONA ZERO LN 300ML | B1015: 1034 | C1015: CORONA ZERO LN 300ML | D1015: CERVEJAS ZERO ALCOOL
A1016: 1041-STELLA ARTOIS PURE G LN 330ML | B1016: 1041 | C1016: STELLA ARTOIS PURE G LN 330ML | D1016: CERVEJAS
A1017: 1073-azeitona mp | B1017: 1073 | C1017: AZEITONA | D1017: SECOS E MERCEARIA
A1018: 1090-capa de contra file mp | B1018: 1090 | C1018: capa de contra file mp | D1018: CARNES BOVINAS
